agency,county,fips,date,confirmed_cases,deaths,did_not_update
Alameda,Alameda,001,2020-04-15,924,35,
Berkeley,Alameda,001,2020-04-15,40,1,
Alpine,Alpine,003,2020-04-15,1,0,True
Amador,Amador,005,2020-04-15,7,0,
Butte,Butte,007,2020-04-15,16,0,True
Calaveras,Calaveras,009,2020-04-15,11,0,
Colusa,Colusa,011,2020-04-15,3,0,True
Contra Costa,Contra Costa,013,2020-04-15,615,14,
Del Norte,Del Norte,015,2020-04-15,2,0,
El Dorado,El Dorado,017,2020-04-15,35,0,
Fresno,Fresno,019,2020-04-15,265,7,
Glenn,Glenn,021,2020-04-15,4,0,
Humboldt,Humboldt,023,2020-04-15,52,0,
Imperial,Imperial,025,2020-04-15,127,3,
Inyo,Inyo,027,2020-04-15,17,0,
Kern,Kern,029,2020-04-15,553,3,
Kings,Kings,031,2020-04-15,13,1,
Lake,Lake,033,2020-04-15,5,0,
Long Beach ,Los Angeles,037,2020-04-15,379,18,
Los Angeles,Los Angeles,037,2020-04-15,9954,373,
Pasadena,Los Angeles,037,2020-04-15,184,14,
Madera,Madera,039,2020-04-15,33,2,
Marin,Marin,041,2020-04-15,184,10,
Mendocino,Mendocino,045,2020-04-15,4,0,
Merced,Merced,047,2020-04-15,78,3,
Mono,Mono,051,2020-04-15,23,1,
Monterey,Monterey,053,2020-04-15,103,3,
Napa,Napa,055,2020-04-15,38,2,
Nevada,Nevada,057,2020-04-15,34,1,
Orange,Orange,059,2020-04-15,1376,22,
Placer,Placer,061,2020-04-15,129,7,
Plumas,Plumas,063,2020-04-15,4,0,
Riverside,Riverside,065,2020-04-15,2105,54,
Sacramento,Sacramento,067,2020-04-15,853,32,
San Benito,San Benito,069,2020-04-15,41,2,
San Bernardino,San Bernardino,071,2020-04-15,996,39,
San Diego,San Diego,073,2020-04-15,2012,60,
San Francisco,San Francisco,075,2020-04-15,1013,17,
San Joaquin,San Joaquin,077,2020-04-15,364,17,
San Luis Obispo,San Luis Obispo,079,2020-04-15,124,1,
San Mateo,San Mateo,081,2020-04-15,767,28,
Santa Barbara,Santa Barbara,083,2020-04-15,334,2,
Santa Clara,Santa Clara,085,2020-04-15,1793,65,
Santa Cruz,Santa Cruz,087,2020-04-15,96,2,
Shasta,Shasta,089,2020-04-15,25,3,
Siskiyou,Siskiyou,093,2020-04-15,5,0,
Solano,Solano,095,2020-04-15,141,2,
Sonoma,Sonoma,097,2020-04-15,163,2,
Stanislaus,Stanislaus,099,2020-04-15,177,4,
Sutter,Sutter,101,2020-04-15,24,2,
Tehama,Tehama,103,2020-04-15,1,1,
Tulare,Tulare,107,2020-04-15,352,15,
Tuolumne,Tuolumne,109,2020-04-15,2,0,
Ventura,Ventura,111,2020-04-15,365,13,
Yolo,Yolo,113,2020-04-15,116,7,
Yuba,Yuba,115,2020-04-15,15,1,
Alameda,Alameda,001,2020-04-14,849,22,True
Berkeley,Alameda,001,2020-04-14,38,1,
Alpine,Alpine,003,2020-04-14,1,0,True
Amador,Amador,005,2020-04-14,7,0,
Butte,Butte,007,2020-04-14,16,0,
Calaveras,Calaveras,009,2020-04-14,9,0,
Colusa,Colusa,011,2020-04-14,3,0,
Contra Costa,Contra Costa,013,2020-04-14,600,12,
Del Norte,Del Norte,015,2020-04-14,2,0,
El Dorado,El Dorado,017,2020-04-14,35,0,
Fresno,Fresno,019,2020-04-14,251,7,
Glenn,Glenn,021,2020-04-14,4,0,
Humboldt,Humboldt,023,2020-04-14,51,0,
Imperial,Imperial,025,2020-04-14,117,3,
Inyo,Inyo,027,2020-04-14,12,0,
Kern,Kern,029,2020-04-14,516,3,
Kings,Kings,031,2020-04-14,13,1,
Lake,Lake,033,2020-04-14,5,0,
Long Beach ,Los Angeles,037,2020-04-14,363,17,
Los Angeles,Los Angeles,037,2020-04-14,9533,337,
Pasadena,Los Angeles,037,2020-04-14,179,12,
Madera,Madera,039,2020-04-14,33,2,
Marin,Marin,041,2020-04-14,171,10,
Mendocino,Mendocino,045,2020-04-14,4,0,
Merced,Merced,047,2020-04-14,74,3,
Mono,Mono,051,2020-04-14,23,1,
Monterey,Monterey,053,2020-04-14,100,3,
Napa,Napa,055,2020-04-14,38,2,
Nevada,Nevada,057,2020-04-14,34,1,
Orange,Orange,059,2020-04-14,1299,19,
Placer,Placer,061,2020-04-14,128,5,
Plumas,Plumas,063,2020-04-14,4,0,
Riverside,Riverside,065,2020-04-14,1961,50,
Sacramento,Sacramento,067,2020-04-14,816,28,
San Benito,San Benito,069,2020-04-14,39,2,
San Bernardino,San Bernardino,071,2020-04-14,977,31,True
San Diego,San Diego,073,2020-04-14,1930,53,
San Francisco,San Francisco,075,2020-04-14,987,15,
San Joaquin,San Joaquin,077,2020-04-14,335,17,
San Luis Obispo,San Luis Obispo,079,2020-04-14,120,1,
San Mateo,San Mateo,081,2020-04-14,747,21,
Santa Barbara,Santa Barbara,083,2020-04-14,313,2,
Santa Clara,Santa Clara,085,2020-04-14,1666,60,True
Santa Cruz,Santa Cruz,087,2020-04-14,91,2,
Shasta,Shasta,089,2020-04-14,25,3,
Siskiyou,Siskiyou,093,2020-04-14,5,0,
Solano,Solano,095,2020-04-14,140,2,
Sonoma,Sonoma,097,2020-04-14,160,2,
Stanislaus,Stanislaus,099,2020-04-14,163,4,
Sutter,Sutter,101,2020-04-14,24,2,
Tehama,Tehama,103,2020-04-14,1,1,
Tulare,Tulare,107,2020-04-14,296,13,
Tuolumne,Tuolumne,109,2020-04-14,2,0,
Ventura,Ventura,111,2020-04-14,350,13,
Yolo,Yolo,113,2020-04-14,102,4,
Yuba,Yuba,115,2020-04-14,15,1,
Alameda,Alameda,001,2020-04-13,850,22,
Berkeley,Alameda,001,2020-04-13,38,1,
Alpine,Alpine,003,2020-04-13,1,0,
Amador,Amador,005,2020-04-13,7,0,
Butte,Butte,007,2020-04-13,15,0,
Calaveras,Calaveras,009,2020-04-13,9,0,
Colusa,Colusa,011,2020-04-13,3,0,True
Contra Costa,Contra Costa,013,2020-04-13,552,11,
Del Norte,Del Norte,015,2020-04-13,2,0,
El Dorado,El Dorado,017,2020-04-13,34,0,
Fresno,Fresno,019,2020-04-13,222,5,
Glenn,Glenn,021,2020-04-13,4,0,
Humboldt,Humboldt,023,2020-04-13,50,0,
Imperial,Imperial,025,2020-04-13,100,3,
Inyo,Inyo,027,2020-04-13,12,0,
Kern,Kern,029,2020-04-13,446,3,
Kings,Kings,031,2020-04-13,12,1,
Lake,Lake,033,2020-04-13,4,0,True
Long Beach ,Los Angeles,037,2020-04-13,350,14,
Los Angeles,Los Angeles,037,2020-04-13,8966,303,
Pasadena,Los Angeles,037,2020-04-13,164,9,
Madera,Madera,039,2020-04-13,33,2,
Marin,Marin,041,2020-04-13,170,10,
Mendocino,Mendocino,045,2020-04-13,4,0,
Merced,Merced,047,2020-04-13,69,3,
Mono,Mono,051,2020-04-13,23,1,
Monterey,Monterey,053,2020-04-13,87,3,
Napa,Napa,055,2020-04-13,34,2,
Nevada,Nevada,057,2020-04-13,34,1,
Orange,Orange,059,2020-04-13,1283,19,
Placer,Placer,061,2020-04-13,127,5,
Plumas,Plumas,063,2020-04-13,4,0,
Riverside,Riverside,065,2020-04-13,1751,50,
Sacramento,Sacramento,067,2020-04-13,739,27,
San Benito,San Benito,069,2020-04-13,38,2,
San Bernardino,San Bernardino,071,2020-04-13,977,31,
San Diego,San Diego,073,2020-04-13,1847,47,
San Francisco,San Francisco,075,2020-04-13,957,15,
San Joaquin,San Joaquin,077,2020-04-13,309,17,
San Luis Obispo,San Luis Obispo,079,2020-04-13,117,1,
San Mateo,San Mateo,081,2020-04-13,701,21,
Santa Barbara,Santa Barbara,083,2020-04-13,284,2,
Santa Clara,Santa Clara,085,2020-04-13,1666,60,
Santa Cruz,Santa Cruz,087,2020-04-13,91,1,
Shasta,Shasta,089,2020-04-13,25,3,
Siskiyou,Siskiyou,093,2020-04-13,5,0,
Solano,Solano,095,2020-04-13,135,2,
Sonoma,Sonoma,097,2020-04-13,152,2,
Stanislaus,Stanislaus,099,2020-04-13,146,2,
Sutter,Sutter,101,2020-04-13,23,2,
Tehama,Tehama,103,2020-04-13,1,0,
Tulare,Tulare,107,2020-04-13,264,13,
Tuolumne,Tuolumne,109,2020-04-13,1,0,
Ventura,Ventura,111,2020-04-13,317,10,
Yolo,Yolo,113,2020-04-13,101,4,
Yuba,Yuba,115,2020-04-13,15,1,
Alameda,Alameda,001,2020-04-12,807,22,
Berkeley,Alameda,001,2020-04-12,38,1,True
Alpine,Alpine,003,2020-04-12,1,0,True
Amador,Amador,005,2020-04-12,7,0,True
Butte,Butte,007,2020-04-12,14,0,True
Calaveras,Calaveras,009,2020-04-12,8,0,True
Colusa,Colusa,011,2020-04-12,3,0,True
Contra Costa,Contra Costa,013,2020-04-12,539,11,
Del Norte,Del Norte,015,2020-04-12,2,0,True
El Dorado,El Dorado,017,2020-04-12,32,0,True
Fresno,Fresno,019,2020-04-12,201,5,True
Glenn,Glenn,021,2020-04-12,3,0,True
Humboldt,Humboldt,023,2020-04-12,50,0,True
Imperial,Imperial,025,2020-04-12,87,3,True
Inyo,Inyo,027,2020-04-12,12,0,
Kern,Kern,029,2020-04-12,396,3,
Kings,Kings,031,2020-04-12,10,1,
Lake,Lake,033,2020-04-12,4,0,True
Long Beach ,Los Angeles,037,2020-04-12,337,12,
Los Angeles,Los Angeles,037,2020-04-12,8743,281,
Pasadena,Los Angeles,037,2020-04-12,117,7,
Madera,Madera,039,2020-04-12,33,2,
Marin,Marin,041,2020-04-12,164,10,
Mendocino,Mendocino,045,2020-04-12,4,0,
Merced,Merced,047,2020-04-12,65,3,
Mono,Mono,051,2020-04-12,23,1,
Monterey,Monterey,053,2020-04-12,87,3,
Napa,Napa,055,2020-04-12,34,2,True
Nevada,Nevada,057,2020-04-12,34,1,True
Orange,Orange,059,2020-04-12,1277,19,
Placer,Placer,061,2020-04-12,124,4,
Plumas,Plumas,063,2020-04-12,4,0,True
Riverside,Riverside,065,2020-04-12,1619,41,
Sacramento,Sacramento,067,2020-04-12,707,26,
San Benito,San Benito,069,2020-04-12,35,2,
San Bernardino,San Bernardino,071,2020-04-12,887,31,
San Diego,San Diego,073,2020-04-12,1804,45,
San Francisco,San Francisco,075,2020-04-12,872,14,
San Joaquin,San Joaquin,077,2020-04-12,273,16,
San Luis Obispo,San Luis Obispo,079,2020-04-12,114,1,
San Mateo,San Mateo,081,2020-04-12,652,21,True
Santa Barbara,Santa Barbara,083,2020-04-12,267,2,
Santa Clara,Santa Clara,085,2020-04-12,1621,54,
Santa Cruz,Santa Cruz,087,2020-04-12,88,1,
Shasta,Shasta,089,2020-04-12,24,3,
Siskiyou,Siskiyou,093,2020-04-12,5,0,
Solano,Solano,095,2020-04-12,121,2,True
Sonoma,Sonoma,097,2020-04-12,147,2,
Stanislaus,Stanislaus,099,2020-04-12,131,2,
Sutter,Sutter,101,2020-04-12,22,2,
Tehama,Tehama,103,2020-04-12,1,0,True
Tulare,Tulare,107,2020-04-12,227,11,True
Tuolumne,Tuolumne,109,2020-04-12,1,0,True
Ventura,Ventura,111,2020-04-12,314,10,
Yolo,Yolo,113,2020-04-12,93,3,
Yuba,Yuba,115,2020-04-12,15,1,
Alameda,Alameda,001,2020-04-11,770,20,
Berkeley,Alameda,001,2020-04-11,38,1,True
Alpine,Alpine,003,2020-04-11,1,0,True
Amador,Amador,005,2020-04-11,7,0,True
Butte,Butte,007,2020-04-11,14,0,True
Calaveras,Calaveras,009,2020-04-11,8,0,True
Colusa,Colusa,011,2020-04-11,3,0,True
Contra Costa,Contra Costa,013,2020-04-11,530,11,
Del Norte,Del Norte,015,2020-04-11,2,0,
El Dorado,El Dorado,017,2020-04-11,32,0,True
Fresno,Fresno,019,2020-04-11,201,5,
Glenn,Glenn,021,2020-04-11,3,0,True
Humboldt,Humboldt,023,2020-04-11,50,0,
Imperial,Imperial,025,2020-04-11,87,3,
Inyo,Inyo,027,2020-04-11,12,0,
Kern,Kern,029,2020-04-11,369,3,
Kings,Kings,031,2020-04-11,10,1,
Lake,Lake,033,2020-04-11,4,0,True
Long Beach ,Los Angeles,037,2020-04-11,332,10,
Los Angeles,Los Angeles,037,2020-04-11,8440,250,
Pasadena,Los Angeles,037,2020-04-11,117,7,
Madera,Madera,039,2020-04-11,32,2,
Marin,Marin,041,2020-04-11,153,10,
Mendocino,Mendocino,045,2020-04-11,4,0,True
Merced,Merced,047,2020-04-11,64,3,
Mono,Mono,051,2020-04-11,21,1,
Monterey,Monterey,053,2020-04-11,82,3,
Napa,Napa,055,2020-04-11,34,2,
Nevada,Nevada,057,2020-04-11,34,1,True
Orange,Orange,059,2020-04-11,1221,18,
Placer,Placer,061,2020-04-11,124,4,
Plumas,Plumas,063,2020-04-11,4,0,True
Riverside,Riverside,065,2020-04-11,1431,41,
Sacramento,Sacramento,067,2020-04-11,699,26,
San Benito,San Benito,069,2020-04-11,35,2,
San Bernardino,San Bernardino,071,2020-04-11,810,25,True
San Diego,San Diego,073,2020-04-11,1761,45,
San Francisco,San Francisco,075,2020-04-11,857,13,
San Joaquin,San Joaquin,077,2020-04-11,260,15,
San Luis Obispo,San Luis Obispo,079,2020-04-11,110,1,
San Mateo,San Mateo,081,2020-04-11,652,21,
Santa Barbara,Santa Barbara,083,2020-04-11,264,2,
Santa Clara,Santa Clara,085,2020-04-11,1566,51,
Santa Cruz,Santa Cruz,087,2020-04-11,82,1,True
Shasta,Shasta,089,2020-04-11,24,3,True
Siskiyou,Siskiyou,093,2020-04-11,5,0,
Solano,Solano,095,2020-04-11,121,2,True
Sonoma,Sonoma,097,2020-04-11,145,2,True
Stanislaus,Stanislaus,099,2020-04-11,121,2,
Sutter,Sutter,101,2020-04-11,22,2,
Tehama,Tehama,103,2020-04-11,1,0,True
Tulare,Tulare,107,2020-04-11,227,11,
Tuolumne,Tuolumne,109,2020-04-11,1,0,True
Ventura,Ventura,111,2020-04-11,309,10,
Yolo,Yolo,113,2020-04-11,88,3,
Yuba,Yuba,115,2020-04-11,15,1,
Alameda,Alameda,001,2020-04-10,730,19,
Berkeley,Alameda,001,2020-04-10,38,1,
Alpine,Alpine,003,2020-04-10,1,0,
Amador,Amador,005,2020-04-10,7,0,
Butte,Butte,007,2020-04-10,14,0,
Calaveras,Calaveras,009,2020-04-10,8,0,
Colusa,Colusa,011,2020-04-10,3,0,
Contra Costa,Contra Costa,013,2020-04-10,511,9,
Del Norte,Del Norte,015,2020-04-10,2,0,
El Dorado,El Dorado,017,2020-04-10,32,0,
Fresno,Fresno,019,2020-04-10,191,5,
Glenn,Glenn,021,2020-04-10,3,0,
Humboldt,Humboldt,023,2020-04-10,50,0,
Imperial,Imperial,025,2020-04-10,79,3,True
Inyo,Inyo,027,2020-04-10,12,0,
Kern,Kern,029,2020-04-10,363,3,
Kings,Kings,031,2020-04-10,9,0,
Lake,Lake,033,2020-04-10,4,0,
Long Beach ,Los Angeles,037,2020-04-10,316,9,
Los Angeles,Los Angeles,037,2020-04-10,8020,228,
Pasadena,Los Angeles,037,2020-04-10,117,7,
Madera,Madera,039,2020-04-10,32,2,
Marin,Marin,041,2020-04-10,153,10,
Mendocino,Mendocino,045,2020-04-10,4,0,
Merced,Merced,047,2020-04-10,59,3,
Mono,Mono,051,2020-04-10,21,1,
Monterey,Monterey,053,2020-04-10,79,3,
Napa,Napa,055,2020-04-10,32,2,
Nevada,Nevada,057,2020-04-10,34,1,
Orange,Orange,059,2020-04-10,1138,17,
Placer,Placer,061,2020-04-10,123,4,
Plumas,Plumas,063,2020-04-10,4,0,
Riverside,Riverside,065,2020-04-10,1350,39,
Sacramento,Sacramento,067,2020-04-10,653,24,
San Benito,San Benito,069,2020-04-10,35,2,
San Bernardino,San Bernardino,071,2020-04-10,810,25,
San Diego,San Diego,073,2020-04-10,1693,44,
San Francisco,San Francisco,075,2020-04-10,797,13,
San Joaquin,San Joaquin,077,2020-04-10,257,14,
San Luis Obispo,San Luis Obispo,079,2020-04-10,107,1,
San Mateo,San Mateo,081,2020-04-10,638,21,
Santa Barbara,Santa Barbara,083,2020-04-10,260,2,
Santa Clara,Santa Clara,085,2020-04-10,1484,50,
Santa Cruz,Santa Cruz,087,2020-04-10,82,1,
Shasta,Shasta,089,2020-04-10,24,3,
Siskiyou,Siskiyou,093,2020-04-10,5,0,
Solano,Solano,095,2020-04-10,121,2,
Sonoma,Sonoma,097,2020-04-10,145,2,
Stanislaus,Stanislaus,099,2020-04-10,116,1,
Sutter,Sutter,101,2020-04-10,22,2,
Tehama,Tehama,103,2020-04-10,1,0,
Tulare,Tulare,107,2020-04-10,203,11,
Tuolumne,Tuolumne,109,2020-04-10,1,0,
Ventura,Ventura,111,2020-04-10,298,10,
Yolo,Yolo,113,2020-04-10,75,3,
Yuba,Yuba,115,2020-04-10,15,1,
Alameda,Alameda,001,2020-04-09,681,16,
Berkeley,Alameda,001,2020-04-09,34,1,
Alpine,Alpine,003,2020-04-09,1,0,
Amador,Amador,005,2020-04-09,7,0,
Butte,Butte,007,2020-04-09,13,0,
Calaveras,Calaveras,009,2020-04-09,8,0,
Colusa,Colusa,011,2020-04-09,3,0,True
Contra Costa,Contra Costa,013,2020-04-09,484,8,
Del Norte,Del Norte,015,2020-04-09,2,0,
El Dorado,El Dorado,017,2020-04-09,30,0,
Fresno,Fresno,019,2020-04-09,173,3,
Glenn,Glenn,021,2020-04-09,2,0,
Humboldt,Humboldt,023,2020-04-09,50,0,
Imperial,Imperial,025,2020-04-09,79,3,
Inyo,Inyo,027,2020-04-09,11,0,
Kern,Kern,029,2020-04-09,330,3,
Kings,Kings,031,2020-04-09,8,0,
Lake,Lake,033,2020-04-09,3,0,True
Long Beach ,Los Angeles,037,2020-04-09,303,8,
Los Angeles,Los Angeles,037,2020-04-09,7574,212,
Pasadena,Los Angeles,037,2020-04-09,107,5,
Madera,Madera,039,2020-04-09,30,2,
Marin,Marin,041,2020-04-09,154,10,
Mendocino,Mendocino,045,2020-04-09,4,0,
Merced,Merced,047,2020-04-09,52,3,
Mono,Mono,051,2020-04-09,20,1,
Monterey,Monterey,053,2020-04-09,71,3,
Napa,Napa,055,2020-04-09,28,2,
Nevada,Nevada,057,2020-04-09,34,1,
Orange,Orange,059,2020-04-09,1079,17,
Placer,Placer,061,2020-04-09,120,4,
Plumas,Plumas,063,2020-04-09,3,0,
Riverside,Riverside,065,2020-04-09,1280,33,
Sacramento,Sacramento,067,2020-04-09,613,22,
San Benito,San Benito,069,2020-04-09,34,2,
San Bernardino,San Bernardino,071,2020-04-09,729,24,
San Diego,San Diego,073,2020-04-09,1628,40,
San Francisco,San Francisco,075,2020-04-09,724,10,
San Joaquin,San Joaquin,077,2020-04-09,245,14,
San Luis Obispo,San Luis Obispo,079,2020-04-09,104,1,
San Mateo,San Mateo,081,2020-04-09,633,21,
Santa Barbara,Santa Barbara,083,2020-04-09,243,2,
Santa Clara,Santa Clara,085,2020-04-09,1442,47,
Santa Cruz,Santa Cruz,087,2020-04-09,80,1,
Shasta,Shasta,089,2020-04-09,24,3,
Siskiyou,Siskiyou,093,2020-04-09,4,0,
Solano,Solano,095,2020-04-09,115,2,
Sonoma,Sonoma,097,2020-04-09,142,1,
Stanislaus,Stanislaus,099,2020-04-09,103,0,
Sutter,Sutter,101,2020-04-09,22,2,
Tehama,Tehama,103,2020-04-09,1,0,True
Tulare,Tulare,107,2020-04-09,187,10,
Tuolumne,Tuolumne,109,2020-04-09,1,0,
Ventura,Ventura,111,2020-04-09,274,7,
Yolo,Yolo,113,2020-04-09,71,3,
Yuba,Yuba,115,2020-04-09,15,0,
Alameda,Alameda,001,2020-04-08,640,16,
Berkeley,Alameda,001,2020-04-08,34,0,
Alpine,Alpine,003,2020-04-08,1,0,
Amador,Amador,005,2020-04-08,3,0,
Butte,Butte,007,2020-04-08,13,0,
Calaveras,Calaveras,009,2020-04-08,5,0,
Colusa,Colusa,011,2020-04-08,3,0,
Contra Costa,Contra Costa,013,2020-04-08,462,7,
Del Norte,Del Norte,015,2020-04-08,2,0,
El Dorado,El Dorado,017,2020-04-08,29,0,
Fresno,Fresno,019,2020-04-08,156,3,
Glenn,Glenn,021,2020-04-08,2,0,
Humboldt,Humboldt,023,2020-04-08,50,0,
Imperial,Imperial,025,2020-04-08,75,3,
Inyo,Inyo,027,2020-04-08,11,0,
Kern,Kern,029,2020-04-08,303,2,
Kings,Kings,031,2020-04-08,8,0,
Lake,Lake,033,2020-04-08,3,0,
Long Beach ,Los Angeles,037,2020-04-08,285,7,
Los Angeles,Los Angeles,037,2020-04-08,7194,189,
Pasadena,Los Angeles,037,2020-04-08,94,4,
Madera,Madera,039,2020-04-08,28,1,
Marin,Marin,041,2020-04-08,149,10,
Mendocino,Mendocino,045,2020-04-08,4,0,
Merced,Merced,047,2020-04-08,40,3,
Mono,Mono,051,2020-04-08,20,1,
Monterey,Monterey,053,2020-04-08,69,3,
Napa,Napa,055,2020-04-08,25,2,
Nevada,Nevada,057,2020-04-08,34,1,
Orange,Orange,059,2020-04-08,1016,17,
Placer,Placer,061,2020-04-08,117,4,
Plumas,Plumas,063,2020-04-08,3,0,
Riverside,Riverside,065,2020-04-08,1179,32,
Sacramento,Sacramento,067,2020-04-08,580,22,
San Benito,San Benito,069,2020-04-08,33,2,
San Bernardino,San Bernardino,071,2020-04-08,641,20,
San Diego,San Diego,073,2020-04-08,1530,36,
San Francisco,San Francisco,075,2020-04-08,676,10,
San Joaquin,San Joaquin,077,2020-04-08,237,14,
San Luis Obispo,San Luis Obispo,079,2020-04-08,102,1,
San Mateo,San Mateo,081,2020-04-08,617,21,
Santa Barbara,Santa Barbara,083,2020-04-08,228,2,
Santa Clara,Santa Clara,085,2020-04-08,1380,46,
Santa Cruz,Santa Cruz,087,2020-04-08,76,1,True
Shasta,Shasta,089,2020-04-08,24,3,
Siskiyou,Siskiyou,093,2020-04-08,4,0,
Solano,Solano,095,2020-04-08,112,2,
Sonoma,Sonoma,097,2020-04-08,136,1,
Stanislaus,Stanislaus,099,2020-04-08,95,0,
Sutter,Sutter,101,2020-04-08,20,2,
Tehama,Tehama,103,2020-04-08,1,0,True
Tulare,Tulare,107,2020-04-08,168,9,
Tuolumne,Tuolumne,109,2020-04-08,1,0,True
Ventura,Ventura,111,2020-04-08,263,7,
Yolo,Yolo,113,2020-04-08,67,3,
Yuba,Yuba,115,2020-04-08,15,0,
Alameda,Alameda,001,2020-04-07,602,15,
Berkeley,Alameda,001,2020-04-07,32,0,
Alpine,Alpine,003,2020-04-07,1,0,True
Amador,Amador,005,2020-04-07,3,0,
Butte,Butte,007,2020-04-07,13,0,
Calaveras,Calaveras,009,2020-04-07,5,0,
Colusa,Colusa,011,2020-04-07,3,0,True
Contra Costa,Contra Costa,013,2020-04-07,442,7,
Del Norte,Del Norte,015,2020-04-07,2,0,
El Dorado,El Dorado,017,2020-04-07,28,0,
Fresno,Fresno,019,2020-04-07,146,3,
Glenn,Glenn,021,2020-04-07,2,0,
Humboldt,Humboldt,023,2020-04-07,50,0,
Imperial,Imperial,025,2020-04-07,73,3,
Inyo,Inyo,027,2020-04-07,11,0,
Kern,Kern,029,2020-04-07,261,2,
Kings,Kings,031,2020-04-07,5,0,
Lake,Lake,033,2020-04-07,2,0,
Long Beach ,Los Angeles,037,2020-04-07,256,6,
Los Angeles,Los Angeles,037,2020-04-07,6608,164,
Pasadena,Los Angeles,037,2020-04-07,80,3,
Madera,Madera,039,2020-04-07,28,1,
Marin,Marin,041,2020-04-07,148,10,
Mendocino,Mendocino,045,2020-04-07,4,0,True
Merced,Merced,047,2020-04-07,34,1,
Mono,Mono,051,2020-04-07,19,1,
Monterey,Monterey,053,2020-04-07,64,2,
Napa,Napa,055,2020-04-07,23,2,
Nevada,Nevada,057,2020-04-07,34,1,
Orange,Orange,059,2020-04-07,931,15,
Placer,Placer,061,2020-04-07,115,3,
Plumas,Plumas,063,2020-04-07,3,0,
Riverside,Riverside,065,2020-04-07,1016,28,
Sacramento,Sacramento,067,2020-04-07,525,21,
San Benito,San Benito,069,2020-04-07,31,2,
San Bernardino,San Bernardino,071,2020-04-07,547,17,
San Diego,San Diego,073,2020-04-07,1454,31,
San Francisco,San Francisco,075,2020-04-07,622,9,
San Joaquin,San Joaquin,077,2020-04-07,223,13,
San Luis Obispo,San Luis Obispo,079,2020-04-07,99,1,
San Mateo,San Mateo,081,2020-04-07,589,21,
Santa Barbara,Santa Barbara,083,2020-04-07,218,2,
Santa Clara,Santa Clara,085,2020-04-07,1285,43,
Santa Cruz,Santa Cruz,087,2020-04-07,76,1,
Shasta,Shasta,089,2020-04-07,23,3,
Siskiyou,Siskiyou,093,2020-04-07,4,0,
Solano,Solano,095,2020-04-07,99,2,
Sonoma,Sonoma,097,2020-04-07,120,1,
Stanislaus,Stanislaus,099,2020-04-07,90,0,
Sutter,Sutter,101,2020-04-07,19,2,
Tehama,Tehama,103,2020-04-07,1,0,
Tulare,Tulare,107,2020-04-07,157,6,
Tuolumne,Tuolumne,109,2020-04-07,1,0,
Ventura,Ventura,111,2020-04-07,243,6,
Yolo,Yolo,113,2020-04-07,56,2,
Yuba,Yuba,115,2020-04-07,13,0,
Alameda,Alameda,001,2020-04-06,557,13,
Berkeley,Alameda,001,2020-04-06,31,0,
Alpine,Alpine,003,2020-04-06,1,0,
Amador,Amador,005,2020-04-06,3,0,
Butte,Butte,007,2020-04-06,12,0,
Calaveras,Calaveras,009,2020-04-06,5,0,
Colusa,Colusa,011,2020-04-06,3,0,
Contra Costa,Contra Costa,013,2020-04-06,417,7,
Del Norte,Del Norte,015,2020-04-06,2,0,
El Dorado,El Dorado,017,2020-04-06,25,0,
Fresno,Fresno,019,2020-04-06,124,2,
Glenn,Glenn,021,2020-04-06,2,0,
Humboldt,Humboldt,023,2020-04-06,49,0,
Imperial,Imperial,025,2020-04-06,68,3,
Inyo,Inyo,027,2020-04-06,11,0,
Kern,Kern,029,2020-04-06,246,2,
Kings,Kings,031,2020-04-06,5,0,
Lake,Lake,033,2020-04-06,2,0,
Long Beach ,Los Angeles,037,2020-04-06,230,3,
Los Angeles,Los Angeles,037,2020-04-06,6089,142,
Pasadena,Los Angeles,037,2020-04-06,72,2,
Madera,Madera,039,2020-04-06,28,1,
Marin,Marin,041,2020-04-06,143,9,
Mendocino,Mendocino,045,2020-04-06,4,0,
Merced,Merced,047,2020-04-06,29,1,
Mono,Mono,051,2020-04-06,19,1,
Monterey,Monterey,053,2020-04-06,63,2,
Napa,Napa,055,2020-04-06,22,2,
Nevada,Nevada,057,2020-04-06,32,1,
Orange,Orange,059,2020-04-06,881,14,
Placer,Placer,061,2020-04-06,106,3,
Plumas,Plumas,063,2020-04-06,3,0,
Riverside,Riverside,065,2020-04-06,946,25,
Sacramento,Sacramento,067,2020-04-06,462,18,
San Benito,San Benito,069,2020-04-06,30,2,
San Bernardino,San Bernardino,071,2020-04-06,530,16,
San Diego,San Diego,073,2020-04-06,1404,19,
San Francisco,San Francisco,075,2020-04-06,583,9,
San Joaquin,San Joaquin,077,2020-04-06,212,11,
San Luis Obispo,San Luis Obispo,079,2020-04-06,95,1,
San Mateo,San Mateo,081,2020-04-06,579,13,
Santa Barbara,Santa Barbara,083,2020-04-06,192,2,
Santa Clara,Santa Clara,085,2020-04-06,1224,42,
Santa Cruz,Santa Cruz,087,2020-04-06,71,1,
Shasta,Shasta,089,2020-04-06,21,3,
Siskiyou,Siskiyou,093,2020-04-06,4,0,
Solano,Solano,095,2020-04-06,88,1,
Sonoma,Sonoma,097,2020-04-06,115,1,
Stanislaus,Stanislaus,099,2020-04-06,81,0,
Sutter,Sutter,101,2020-04-06,17,2,
Tehama,Tehama,103,2020-04-06,1,0,
Tulare,Tulare,107,2020-04-06,135,6,
Tuolumne,Tuolumne,109,2020-04-06,1,0,
Ventura,Ventura,111,2020-04-06,226,6,
Yolo,Yolo,113,2020-04-06,50,1,
Yuba,Yuba,115,2020-04-06,11,0,
Alameda,Alameda,001,2020-04-05,539,12,
Berkeley,Alameda,001,2020-04-05,27,0,True
Alpine,Alpine,003,2020-04-05,1,0,True
Amador,Amador,005,2020-04-05,3,0,
Butte,Butte,007,2020-04-05,11,0,True
Calaveras,Calaveras,009,2020-04-05,4,0,True
Colusa,Colusa,011,2020-04-05,2,0,True
Contra Costa,Contra Costa,013,2020-04-05,386,6,
Del Norte,Del Norte,015,2020-04-05,2,0,
El Dorado,El Dorado,017,2020-04-05,22,0,True
Fresno,Fresno,019,2020-04-05,108,1,
Glenn,Glenn,021,2020-04-05,2,0,True
Humboldt,Humboldt,023,2020-04-05,44,0,True
Imperial,Imperial,025,2020-04-05,65,2,
Inyo,Inyo,027,2020-04-05,11,0,
Kern,Kern,029,2020-04-05,225,2,
Kings,Kings,031,2020-04-05,5,0,
Lake,Lake,033,2020-04-05,1,0,
Long Beach ,Los Angeles,037,2020-04-05,213,3,
Los Angeles,Los Angeles,037,2020-04-05,5684,127,
Pasadena,Los Angeles,037,2020-04-05,58,2,
Madera,Madera,039,2020-04-05,28,1,True
Marin,Marin,041,2020-04-05,141,7,
Mendocino,Mendocino,045,2020-04-05,4,0,
Merced,Merced,047,2020-04-05,29,1,
Mono,Mono,051,2020-04-05,19,1,
Monterey,Monterey,053,2020-04-05,62,2,
Napa,Napa,055,2020-04-05,20,2,True
Nevada,Nevada,057,2020-04-05,31,1,True
Orange,Orange,059,2020-04-05,831,14,
Placer,Placer,061,2020-04-05,103,3,
Plumas,Plumas,063,2020-04-05,3,0,True
Riverside,Riverside,065,2020-04-05,799,19,
Sacramento,Sacramento,067,2020-04-05,442,16,
San Benito,San Benito,069,2020-04-05,23,2,True
San Bernardino,San Bernardino,071,2020-04-05,373,13,
San Diego,San Diego,073,2020-04-05,1326,19,
San Francisco,San Francisco,075,2020-04-05,568,8,
San Joaquin,San Joaquin,077,2020-04-05,203,11,
San Luis Obispo,San Luis Obispo,079,2020-04-05,95,1,
San Mateo,San Mateo,081,2020-04-05,555,13,
Santa Barbara,Santa Barbara,083,2020-04-05,174,2,
Santa Clara,Santa Clara,085,2020-04-05,1207,39,
Santa Cruz,Santa Cruz,087,2020-04-05,69,1,
Shasta,Shasta,089,2020-04-05,20,3,
Siskiyou,Siskiyou,093,2020-04-05,3,0,
Solano,Solano,095,2020-04-05,73,1,True
Sonoma,Sonoma,097,2020-04-05,107,1,
Stanislaus,Stanislaus,099,2020-04-05,71,0,
Sutter,Sutter,101,2020-04-05,16,2,
Tehama,Tehama,103,2020-04-05,1,0,True
Tulare,Tulare,107,2020-04-05,116,5,
Tuolumne,Tuolumne,109,2020-04-05,1,0,True
Ventura,Ventura,111,2020-04-05,221,6,
Yolo,Yolo,113,2020-04-05,37,1,True
Yuba,Yuba,115,2020-04-05,10,0,
Alameda,Alameda,001,2020-04-04,510,12,
Berkeley,Alameda,001,2020-04-04,27,0,True
Alpine,Alpine,003,2020-04-04,1,0,True
Amador,Amador,005,2020-04-04,3,0,True
Butte,Butte,007,2020-04-04,11,0,True
Calaveras,Calaveras,009,2020-04-04,4,0,True
Colusa,Colusa,011,2020-04-04,2,0,True
Contra Costa,Contra Costa,013,2020-04-04,353,5,
Del Norte,Del Norte,015,2020-04-04,2,0,
El Dorado,El Dorado,017,2020-04-04,22,0,True
Fresno,Fresno,019,2020-04-04,103,1,
Glenn,Glenn,021,2020-04-04,2,0,True
Humboldt,Humboldt,023,2020-04-04,44,0,
Imperial,Imperial,025,2020-04-04,55,1,True
Inyo,Inyo,027,2020-04-04,10,0,
Kern,Kern,029,2020-04-04,205,2,
Kings,Kings,031,2020-04-04,5,0,
Long Beach ,Los Angeles,037,2020-04-04,198,3,
Los Angeles,Los Angeles,037,2020-04-04,5069,114,
Pasadena,Los Angeles,037,2020-04-04,58,2,
Madera,Madera,039,2020-04-04,28,1,True
Marin,Marin,041,2020-04-04,137,7,
Mendocino,Mendocino,045,2020-04-04,4,0,
Merced,Merced,047,2020-04-04,27,0,
Mono,Mono,051,2020-04-04,19,1,
Monterey,Monterey,053,2020-04-04,62,2,
Napa,Napa,055,2020-04-04,20,2,
Nevada,Nevada,057,2020-04-04,31,1,True
Orange,Orange,059,2020-04-04,782,14,
Placer,Placer,061,2020-04-04,101,2,
Plumas,Plumas,063,2020-04-04,3,0,
Riverside,Riverside,065,2020-04-04,665,18,
Sacramento,Sacramento,067,2020-04-04,390,10,True
San Benito,San Benito,069,2020-04-04,23,2,True
San Bernardino,San Bernardino,071,2020-04-04,372,13,
San Diego,San Diego,073,2020-04-04,1209,18,
San Francisco,San Francisco,075,2020-04-04,529,8,
San Joaquin,San Joaquin,077,2020-04-04,191,11,
San Luis Obispo,San Luis Obispo,079,2020-04-04,93,0,
San Mateo,San Mateo,081,2020-04-04,538,13,
Santa Barbara,Santa Barbara,083,2020-04-04,168,1,
Santa Clara,Santa Clara,085,2020-04-04,1148,39,
Santa Cruz,Santa Cruz,087,2020-04-04,62,1,
Shasta,Shasta,089,2020-04-04,17,2,
Siskiyou,Siskiyou,093,2020-04-04,3,0,
Solano,Solano,095,2020-04-04,73,1,True
Sonoma,Sonoma,097,2020-04-04,107,1,
Stanislaus,Stanislaus,099,2020-04-04,65,0,
Sutter,Sutter,101,2020-04-04,16,1,
Tehama,Tehama,103,2020-04-04,1,0,True
Tulare,Tulare,107,2020-04-04,107,5,
Tuolumne,Tuolumne,109,2020-04-04,1,0,True
Ventura,Ventura,111,2020-04-04,203,6,
Yolo,Yolo,113,2020-04-04,37,1,
Yuba,Yuba,115,2020-04-04,9,0,
Alameda,Alameda,001,2020-04-03,416,12,
Berkeley,Alameda,001,2020-04-03,27,0,
Alpine,Alpine,003,2020-04-03,1,0,True
Amador,Amador,005,2020-04-03,3,0,
Butte,Butte,007,2020-04-03,11,0,
Calaveras,Calaveras,009,2020-04-03,4,0,
Colusa,Colusa,011,2020-04-03,2,0,
Contra Costa,Contra Costa,013,2020-04-03,307,5,
Del Norte,Del Norte,015,2020-04-03,1,0,
El Dorado,El Dorado,017,2020-04-03,22,0,
Fresno,Fresno,019,2020-04-03,100,1,
Glenn,Glenn,021,2020-04-03,2,0,True
Humboldt,Humboldt,023,2020-04-03,40,0,
Imperial,Imperial,025,2020-04-03,55,1,
Inyo,Inyo,027,2020-04-03,10,0,
Kern,Kern,029,2020-04-03,194,2,
Kings,Kings,031,2020-04-03,5,0,
Long Beach ,Los Angeles,037,2020-04-03,171,3,
Los Angeles,Los Angeles,037,2020-04-03,4376,88,
Pasadena,Los Angeles,037,2020-04-03,58,2,
Madera,Madera,039,2020-04-03,28,1,True
Marin,Marin,041,2020-04-03,131,6,
Mendocino,Mendocino,045,2020-04-03,4,0,
Merced,Merced,047,2020-04-03,19,0,
Mono,Mono,051,2020-04-03,19,1,
Monterey,Monterey,053,2020-04-03,57,2,
Napa,Napa,055,2020-04-03,20,2,
Nevada,Nevada,057,2020-04-03,31,1,
Orange,Orange,059,2020-04-03,710,13,
Placer,Placer,061,2020-04-03,97,2,
Plumas,Plumas,063,2020-04-03,2,0,
Riverside,Riverside,065,2020-04-03,638,15,
Sacramento,Sacramento,067,2020-04-03,390,10,
San Benito,San Benito,069,2020-04-03,23,2,
San Bernardino,San Bernardino,071,2020-04-03,353,13,
San Diego,San Diego,073,2020-04-03,1112,17,
San Francisco,San Francisco,075,2020-04-03,497,7,
San Joaquin,San Joaquin,077,2020-04-03,185,11,
San Luis Obispo,San Luis Obispo,079,2020-04-03,93,0,
San Mateo,San Mateo,081,2020-04-03,486,13,
Santa Barbara,Santa Barbara,083,2020-04-03,152,1,
Santa Clara,Santa Clara,085,2020-04-03,1094,38,
Santa Cruz,Santa Cruz,087,2020-04-03,59,1,
Shasta,Shasta,089,2020-04-03,12,2,
Siskiyou,Siskiyou,093,2020-04-03,3,0,
Solano,Solano,095,2020-04-03,73,1,
Sonoma,Sonoma,097,2020-04-03,105,1,
Stanislaus,Stanislaus,099,2020-04-03,58,0,
Sutter,Sutter,101,2020-04-03,16,1,
Tehama,Tehama,103,2020-04-03,1,0,
Tulare,Tulare,107,2020-04-03,81,3,
Tuolumne,Tuolumne,109,2020-04-03,1,0,
Ventura,Ventura,111,2020-04-03,189,6,
Yolo,Yolo,113,2020-04-03,33,1,
Yuba,Yuba,115,2020-04-03,9,0,
Alameda,Alameda,001,2020-04-02,373,9,
Berkeley,Alameda,001,2020-04-02,23,0,
Alpine,Alpine,003,2020-04-02,1,0,True
Amador,Amador,005,2020-04-02,3,0,
Butte,Butte,007,2020-04-02,10,0,
Calaveras,Calaveras,009,2020-04-02,3,0,
Colusa,Colusa,011,2020-04-02,1,0,
Contra Costa,Contra Costa,013,2020-04-02,276,3,
Del Norte,Del Norte,015,2020-04-02,1,0,
El Dorado,El Dorado,017,2020-04-02,19,0,
Fresno,Fresno,019,2020-04-02,94,0,
Glenn,Glenn,021,2020-04-02,2,0,
Humboldt,Humboldt,023,2020-04-02,37,0,
Imperial,Imperial,025,2020-04-02,50,1,
Inyo,Inyo,027,2020-04-02,10,0,
Kern,Kern,029,2020-04-02,155,1,
Kings,Kings,031,2020-04-02,5,0,
Long Beach ,Los Angeles,037,2020-04-02,153,2,
Los Angeles,Los Angeles,037,2020-04-02,3869,77,
Pasadena,Los Angeles,037,2020-04-02,49,1,
Madera,Madera,039,2020-04-02,28,1,
Marin,Marin,041,2020-04-02,118,6,
Mendocino,Mendocino,045,2020-04-02,4,0,
Merced,Merced,047,2020-04-02,16,0,
Mono,Mono,051,2020-04-02,18,1,
Monterey,Monterey,053,2020-04-02,53,2,
Napa,Napa,055,2020-04-02,18,1,
Nevada,Nevada,057,2020-04-02,30,0,
Orange,Orange,059,2020-04-02,653,13,
Placer,Placer,061,2020-04-02,90,2,
Plumas,Plumas,063,2020-04-02,2,0,
Riverside,Riverside,065,2020-04-02,493,14,
Sacramento,Sacramento,067,2020-04-02,341,9,
San Benito,San Benito,069,2020-04-02,23,1,
San Bernardino,San Bernardino,071,2020-04-02,304,8,
San Diego,San Diego,073,2020-04-02,966,16,
San Francisco,San Francisco,075,2020-04-02,450,7,
San Joaquin,San Joaquin,077,2020-04-02,178,10,
San Luis Obispo,San Luis Obispo,079,2020-04-02,89,0,
San Mateo,San Mateo,081,2020-04-02,453,10,
Santa Barbara,Santa Barbara,083,2020-04-02,139,1,
Santa Clara,Santa Clara,085,2020-04-02,1019,36,
Santa Cruz,Santa Cruz,087,2020-04-02,57,1,
Shasta,Shasta,089,2020-04-02,11,1,
Siskiyou,Siskiyou,093,2020-04-02,3,0,
Solano,Solano,095,2020-04-02,61,1,
Sonoma,Sonoma,097,2020-04-02,95,1,
Stanislaus,Stanislaus,099,2020-04-02,51,0,
Sutter,Sutter,101,2020-04-02,14,1,
Tehama,Tehama,103,2020-04-02,1,0,True
Tulare,Tulare,107,2020-04-02,74,2,
Tuolumne,Tuolumne,109,2020-04-02,1,0,
Ventura,Ventura,111,2020-04-02,177,6,
Yolo,Yolo,113,2020-04-02,33,1,
Yuba,Yuba,115,2020-04-02,8,0,
Alameda,Alameda,001,2020-04-01,339,8,
Berkeley,Alameda,001,2020-04-01,20,0,
Alpine,Alpine,003,2020-04-01,1,0,True
Amador,Amador,005,2020-04-01,3,0,
Butte,Butte,007,2020-04-01,9,0,
Calaveras,Calaveras,009,2020-04-01,3,0,
Colusa,Colusa,011,2020-04-01,1,0,
Contra Costa,Contra Costa,013,2020-04-01,250,3,
El Dorado,El Dorado,017,2020-04-01,18,0,
Fresno,Fresno,019,2020-04-01,82,0,
Glenn,Glenn,021,2020-04-01,2,0,
Humboldt,Humboldt,023,2020-04-01,28,0,
Imperial,Imperial,025,2020-04-01,43,0,
Inyo,Inyo,027,2020-04-01,9,0,
Kern,Kern,029,2020-04-01,126,1,
Kings,Kings,031,2020-04-01,5,0,
Long Beach ,Los Angeles,037,2020-04-01,139,2,
Los Angeles,Los Angeles,037,2020-04-01,3352,64,
Pasadena,Los Angeles,037,2020-04-01,37,0,
Madera,Madera,039,2020-04-01,25,1,
Marin,Marin,041,2020-04-01,108,6,
Mendocino,Mendocino,045,2020-04-01,4,0,
Merced,Merced,047,2020-04-01,12,0,
Mono,Mono,051,2020-04-01,18,1,
Monterey,Monterey,053,2020-04-01,48,2,
Napa,Napa,055,2020-04-01,18,1,
Nevada,Nevada,057,2020-04-01,26,0,True
Orange,Orange,059,2020-04-01,598,10,
Placer,Placer,061,2020-04-01,78,2,
Plumas,Plumas,063,2020-04-01,1,0,
Riverside,Riverside,065,2020-04-01,429,13,
Sacramento,Sacramento,067,2020-04-01,314,9,
San Benito,San Benito,069,2020-04-01,23,1,
San Bernardino,San Bernardino,071,2020-04-01,254,6,
San Diego,San Diego,073,2020-04-01,849,15,
San Francisco,San Francisco,075,2020-04-01,434,7,
San Joaquin,San Joaquin,077,2020-04-01,161,8,
San Luis Obispo,San Luis Obispo,079,2020-04-01,83,0,
San Mateo,San Mateo,081,2020-04-01,388,10,True
Santa Barbara,Santa Barbara,083,2020-04-01,111,1,
Santa Clara,Santa Clara,085,2020-04-01,956,32,
Santa Cruz,Santa Cruz,087,2020-04-01,54,1,
Shasta,Shasta,089,2020-04-01,7,1,
Siskiyou,Siskiyou,093,2020-04-01,3,0,
Solano,Solano,095,2020-04-01,54,0,
Sonoma,Sonoma,097,2020-04-01,91,1,
Stanislaus,Stanislaus,099,2020-04-01,44,0,
Sutter,Sutter,101,2020-04-01,14,1,
Tehama,Tehama,103,2020-04-01,1,0,
Tulare,Tulare,107,2020-04-01,59,2,
Tuolumne,Tuolumne,109,2020-04-01,1,0,
Ventura,Ventura,111,2020-04-01,160,5,
Yolo,Yolo,113,2020-04-01,28,1,
Yuba,Yuba,115,2020-04-01,8,0,
Alameda,Alameda,001,2020-03-31,294,7,
Berkeley,Alameda,001,2020-03-31,19,0,
Alpine,Alpine,003,2020-03-31,1,0,True
Amador,Amador,005,2020-03-31,2,0,
Butte,Butte,007,2020-03-31,8,0,
Calaveras,Calaveras,009,2020-03-31,3,0,
Colusa,Colusa,011,2020-03-31,1,0,
Contra Costa,Contra Costa,013,2020-03-31,222,3,
El Dorado,El Dorado,017,2020-03-31,18,0,
Fresno,Fresno,019,2020-03-31,68,0,
Glenn,Glenn,021,2020-03-31,2,0,
Humboldt,Humboldt,023,2020-03-31,27,0,
Imperial,Imperial,025,2020-03-31,38,0,
Inyo,Inyo,027,2020-03-31,8,0,
Kern,Kern,029,2020-03-31,98,1,
Kings,Kings,031,2020-03-31,4,0,
Long Beach ,Los Angeles,037,2020-03-31,133,1,
Los Angeles,Los Angeles,037,2020-03-31,2871,53,
Pasadena,Los Angeles,037,2020-03-31,33,0,
Madera,Madera,039,2020-03-31,23,1,
Marin,Marin,041,2020-03-31,107,5,
Mendocino,Mendocino,045,2020-03-31,4,0,
Merced,Merced,047,2020-03-31,10,0,
Mono,Mono,051,2020-03-31,13,1,
Monterey,Monterey,053,2020-03-31,42,2,
Napa,Napa,055,2020-03-31,15,1,
Nevada,Nevada,057,2020-03-31,26,0,
Orange,Orange,059,2020-03-31,494,7,
Placer,Placer,061,2020-03-31,67,2,
Plumas,Plumas,063,2020-03-31,1,0,
Riverside,Riverside,065,2020-03-31,371,13,
Sacramento,Sacramento,067,2020-03-31,224,7,True
San Benito,San Benito,069,2020-03-31,21,1,
San Bernardino,San Bernardino,071,2020-03-31,183,6,
San Diego,San Diego,073,2020-03-31,734,9,
San Francisco,San Francisco,075,2020-03-31,397,6,
San Joaquin,San Joaquin,077,2020-03-31,151,8,
San Luis Obispo,San Luis Obispo,079,2020-03-31,80,0,
San Mateo,San Mateo,081,2020-03-31,388,10,
Santa Barbara,Santa Barbara,083,2020-03-31,99,0,
Santa Clara,Santa Clara,085,2020-03-31,890,30,
Santa Cruz,Santa Cruz,087,2020-03-31,49,1,
Shasta,Shasta,089,2020-03-31,7,1,
Siskiyou,Siskiyou,093,2020-03-31,3,0,
Solano,Solano,095,2020-03-31,49,0,
Sonoma,Sonoma,097,2020-03-31,85,1,
Stanislaus,Stanislaus,099,2020-03-31,40,0,
Sutter,Sutter,101,2020-03-31,10,0,
Tulare,Tulare,107,2020-03-31,45,1,
Tuolumne,Tuolumne,109,2020-03-31,1,0,
Ventura,Ventura,111,2020-03-31,149,5,
Yolo,Yolo,113,2020-03-31,25,1,
Yuba,Yuba,115,2020-03-31,7,0,
Alameda,Alameda,001,2020-03-30,264,7,
Berkeley,Alameda,001,2020-03-30,19,0,
Alpine,Alpine,003,2020-03-30,1,0,
Amador,Amador,005,2020-03-30,2,0,
Butte,Butte,007,2020-03-30,8,0,
Calaveras,Calaveras,009,2020-03-30,3,0,
Colusa,Colusa,011,2020-03-30,1,0,True
Contra Costa,Contra Costa,013,2020-03-30,187,3,
El Dorado,El Dorado,017,2020-03-30,15,0,
Fresno,Fresno,019,2020-03-30,53,0,
Glenn,Glenn,021,2020-03-30,2,0,
Humboldt,Humboldt,023,2020-03-30,21,0,
Imperial,Imperial,025,2020-03-30,33,0,
Inyo,Inyo,027,2020-03-30,8,0,
Kern,Kern,029,2020-03-30,74,1,
Kings,Kings,031,2020-03-30,3,0,
Long Beach ,Los Angeles,037,2020-03-30,115,1,
Los Angeles,Los Angeles,037,2020-03-30,2365,43,
Pasadena,Los Angeles,037,2020-03-30,25,0,
Madera,Madera,039,2020-03-30,21,1,
Marin,Marin,041,2020-03-30,98,4,
Mendocino,Mendocino,045,2020-03-30,4,0,
Merced,Merced,047,2020-03-30,10,0,
Mono,Mono,051,2020-03-30,13,0,
Monterey,Monterey,053,2020-03-30,40,1,
Napa,Napa,055,2020-03-30,14,0,
Nevada,Nevada,057,2020-03-30,21,0,
Orange,Orange,059,2020-03-30,455,4,
Placer,Placer,061,2020-03-30,57,2,
Riverside,Riverside,065,2020-03-30,291,9,
Sacramento,Sacramento,067,2020-03-30,224,7,
San Benito,San Benito,069,2020-03-30,17,1,
San Bernardino,San Bernardino,071,2020-03-30,111,3,True
San Diego,San Diego,073,2020-03-30,603,7,
San Francisco,San Francisco,075,2020-03-30,374,6,
San Joaquin,San Joaquin,077,2020-03-30,136,6,
San Luis Obispo,San Luis Obispo,079,2020-03-30,77,0,
San Mateo,San Mateo,081,2020-03-30,309,10,
Santa Barbara,Santa Barbara,083,2020-03-30,88,0,
Santa Clara,Santa Clara,085,2020-03-30,848,28,
Santa Cruz,Santa Cruz,087,2020-03-30,45,1,
Shasta,Shasta,089,2020-03-30,6,1,
Siskiyou,Siskiyou,093,2020-03-30,3,0,
Solano,Solano,095,2020-03-30,43,0,
Sonoma,Sonoma,097,2020-03-30,73,1,
Stanislaus,Stanislaus,099,2020-03-30,33,0,
Sutter,Sutter,101,2020-03-30,9,0,
Tulare,Tulare,107,2020-03-30,43,1,
Tuolumne,Tuolumne,109,2020-03-30,1,0,
Ventura,Ventura,111,2020-03-30,126,4,
Yolo,Yolo,113,2020-03-30,24,1,
Yuba,Yuba,115,2020-03-30,6,0,
Alameda,Alameda,001,2020-03-29,254,7,
Berkeley,Alameda,001,2020-03-29,16,0,True
Amador,Amador,005,2020-03-29,2,0,
Butte,Butte,007,2020-03-29,5,0,True
Calaveras,Calaveras,009,2020-03-29,3,0,True
Colusa,Colusa,011,2020-03-29,1,0,True
Contra Costa,Contra Costa,013,2020-03-29,175,3,
El Dorado,El Dorado,017,2020-03-29,12,0,True
Fresno,Fresno,019,2020-03-29,43,0,True
Glenn,Glenn,021,2020-03-29,1,0,True
Humboldt,Humboldt,023,2020-03-29,18,0,True
Imperial,Imperial,025,2020-03-29,25,0,True
Inyo,Inyo,027,2020-03-29,8,0,
Kern,Kern,029,2020-03-29,50,1,
Kings,Kings,031,2020-03-29,2,0,
Long Beach ,Los Angeles,037,2020-03-29,99,1,
Los Angeles,Los Angeles,037,2020-03-29,2038,36,
Pasadena,Los Angeles,037,2020-03-29,10,0,
Madera,Madera,039,2020-03-29,18,1,
Marin,Marin,041,2020-03-29,93,1,
Mendocino,Mendocino,045,2020-03-29,4,0,
Merced,Merced,047,2020-03-29,9,0,
Mono,Mono,051,2020-03-29,13,0,
Monterey,Monterey,053,2020-03-29,36,1,
Napa,Napa,055,2020-03-29,14,0,
Nevada,Nevada,057,2020-03-29,17,0,
Orange,Orange,059,2020-03-29,420,4,
Placer,Placer,061,2020-03-29,53,2,
Riverside,Riverside,065,2020-03-29,233,8,
Sacramento,Sacramento,067,2020-03-29,164,6,True
San Benito,San Benito,069,2020-03-29,14,1,True
San Bernardino,San Bernardino,071,2020-03-29,111,3,
San Diego,San Diego,073,2020-03-29,519,7,
San Francisco,San Francisco,075,2020-03-29,340,5,
San Joaquin,San Joaquin,077,2020-03-29,121,5,
San Luis Obispo,San Luis Obispo,079,2020-03-29,71,0,
San Mateo,San Mateo,081,2020-03-29,277,6,
Santa Barbara,Santa Barbara,083,2020-03-29,68,0,
Santa Clara,Santa Clara,085,2020-03-29,646,25,
Santa Cruz,Santa Cruz,087,2020-03-29,44,1,
Shasta,Shasta,089,2020-03-29,4,1,True
Siskiyou,Siskiyou,093,2020-03-29,3,0,
Solano,Solano,095,2020-03-29,34,0,True
Sonoma,Sonoma,097,2020-03-29,58,1,
Stanislaus,Stanislaus,099,2020-03-29,31,0,
Sutter,Sutter,101,2020-03-29,6,0,
Tulare,Tulare,107,2020-03-29,35,1,
Ventura,Ventura,111,2020-03-29,109,4,
Yolo,Yolo,113,2020-03-29,16,1,True
Yuba,Yuba,115,2020-03-29,4,0,
Alameda,Alameda,001,2020-03-28,240,6,
Berkeley,Alameda,001,2020-03-28,16,0,True
Amador,Amador,005,2020-03-28,2,0,
Butte,Butte,007,2020-03-28,5,0,True
Calaveras,Calaveras,009,2020-03-28,3,0,True
Colusa,Colusa,011,2020-03-28,1,0,True
Contra Costa,Contra Costa,013,2020-03-28,168,3,
El Dorado,El Dorado,017,2020-03-28,12,0,True
Fresno,Fresno,019,2020-03-28,43,0,
Glenn,Glenn,021,2020-03-28,1,0,True
Humboldt,Humboldt,023,2020-03-28,18,0,
Imperial,Imperial,025,2020-03-28,25,0,
Inyo,Inyo,027,2020-03-28,5,0,
Kern,Kern,029,2020-03-28,46,1,
Kings,Kings,031,2020-03-28,2,0,
Long Beach ,Los Angeles,037,2020-03-28,88,1,
Los Angeles,Los Angeles,037,2020-03-28,1720,31,
Pasadena,Los Angeles,037,2020-03-28,10,0,
Madera,Madera,039,2020-03-28,15,1,
Marin,Marin,041,2020-03-28,74,1,
Mendocino,Mendocino,045,2020-03-28,3,0,
Merced,Merced,047,2020-03-28,8,0,
Mono,Mono,051,2020-03-28,11,0,
Monterey,Monterey,053,2020-03-28,34,1,
Napa,Napa,055,2020-03-28,10,0,
Nevada,Nevada,057,2020-03-28,12,0,
Orange,Orange,059,2020-03-28,395,4,
Placer,Placer,061,2020-03-28,44,1,
Riverside,Riverside,065,2020-03-28,195,8,
Sacramento,Sacramento,067,2020-03-28,164,6,True
San Benito,San Benito,069,2020-03-28,14,1,True
San Bernardino,San Bernardino,071,2020-03-28,76,3,
San Diego,San Diego,073,2020-03-28,488,7,
San Francisco,San Francisco,075,2020-03-28,308,4,
San Joaquin,San Joaquin,077,2020-03-28,108,4,
San Luis Obispo,San Luis Obispo,079,2020-03-28,67,0,
San Mateo,San Mateo,081,2020-03-28,274,6,
Santa Barbara,Santa Barbara,083,2020-03-28,64,0,
Santa Clara,Santa Clara,085,2020-03-28,591,25,
Santa Cruz,Santa Cruz,087,2020-03-28,39,0,
Shasta,Shasta,089,2020-03-28,4,1,
Siskiyou,Siskiyou,093,2020-03-28,3,0,
Solano,Solano,095,2020-03-28,34,0,True
Sonoma,Sonoma,097,2020-03-28,54,1,True
Stanislaus,Stanislaus,099,2020-03-28,29,0,
Sutter,Sutter,101,2020-03-28,6,0,
Tulare,Tulare,107,2020-03-28,29,1,
Ventura,Ventura,111,2020-03-28,98,3,
Yolo,Yolo,113,2020-03-28,16,1,True
Yuba,Yuba,115,2020-03-28,3,0,
Alameda,Alameda,001,2020-03-27,204,4,
Berkeley,Alameda,001,2020-03-27,16,0,
Amador,Amador,005,2020-03-27,2,0,
Butte,Butte,007,2020-03-27,5,0,
Calaveras,Calaveras,009,2020-03-27,3,0,
Colusa,Colusa,011,2020-03-27,1,0,
Contra Costa,Contra Costa,013,2020-03-27,151,2,
El Dorado,El Dorado,017,2020-03-27,12,0,
Fresno,Fresno,019,2020-03-27,31,0,
Glenn,Glenn,021,2020-03-27,1,0,
Humboldt,Humboldt,023,2020-03-27,14,0,
Imperial,Imperial,025,2020-03-27,21,0,
Inyo,Inyo,027,2020-03-27,5,0,
Kern,Kern,029,2020-03-27,40,1,
Kings,Kings,031,2020-03-27,1,0,
Long Beach ,Los Angeles,037,2020-03-27,70,1,
Los Angeles,Los Angeles,037,2020-03-27,1402,25,
Pasadena,Los Angeles,037,2020-03-27,10,0,
Madera,Madera,039,2020-03-27,11,1,
Marin,Marin,041,2020-03-27,69,1,
Mendocino,Mendocino,045,2020-03-27,2,0,
Merced,Merced,047,2020-03-27,7,0,
Mono,Mono,051,2020-03-27,8,0,
Monterey,Monterey,053,2020-03-27,27,1,
Napa,Napa,055,2020-03-27,8,0,
Nevada,Nevada,057,2020-03-27,8,0,
Orange,Orange,059,2020-03-27,316,3,
Placer,Placer,061,2020-03-27,41,1,
Riverside,Riverside,065,2020-03-27,185,8,
Sacramento,Sacramento,067,2020-03-27,164,6,
San Benito,San Benito,069,2020-03-27,14,1,
San Bernardino,San Bernardino,071,2020-03-27,64,3,
San Diego,San Diego,073,2020-03-27,417,6,
San Francisco,San Francisco,075,2020-03-27,279,3,
San Joaquin,San Joaquin,077,2020-03-27,93,4,
San Luis Obispo,San Luis Obispo,079,2020-03-27,59,0,
San Mateo,San Mateo,081,2020-03-27,239,6,
Santa Barbara,Santa Barbara,083,2020-03-27,47,0,
Santa Clara,Santa Clara,085,2020-03-27,574,20,
Santa Cruz,Santa Cruz,087,2020-03-27,34,0,
Shasta,Shasta,089,2020-03-27,3,1,
Siskiyou,Siskiyou,093,2020-03-27,3,0,
Solano,Solano,095,2020-03-27,34,0,
Sonoma,Sonoma,097,2020-03-27,54,1,
Stanislaus,Stanislaus,099,2020-03-27,23,0,
Sutter,Sutter,101,2020-03-27,2,0,
Tulare,Tulare,107,2020-03-27,24,0,
Ventura,Ventura,111,2020-03-27,83,3,
Yolo,Yolo,113,2020-03-27,16,1,
Yuba,Yuba,115,2020-03-27,3,0,
Alameda,Alameda,001,2020-03-26,164,4,
Berkeley,Alameda,001,2020-03-26,14,0,
Amador,Amador,005,2020-03-26,2,0,True
Butte,Butte,007,2020-03-26,5,0,
Calaveras,Calaveras,009,2020-03-26,3,0,
Contra Costa,Contra Costa,013,2020-03-26,131,1,
El Dorado,El Dorado,017,2020-03-26,9,0,
Fresno,Fresno,019,2020-03-26,27,0,
Humboldt,Humboldt,023,2020-03-26,12,0,
Imperial,Imperial,025,2020-03-26,17,0,
Inyo,Inyo,027,2020-03-26,2,0,
Kern,Kern,029,2020-03-26,32,0,
Long Beach ,Los Angeles,037,2020-03-26,54,1,
Los Angeles,Los Angeles,037,2020-03-26,1166,20,
Pasadena,Los Angeles,037,2020-03-26,10,0,
Madera,Madera,039,2020-03-26,10,1,
Marin,Marin,041,2020-03-26,65,0,
Mendocino,Mendocino,045,2020-03-26,2,0,
Merced,Merced,047,2020-03-26,4,0,
Mono,Mono,051,2020-03-26,6,0,
Monterey,Monterey,053,2020-03-26,27,1,
Napa,Napa,055,2020-03-26,7,0,
Nevada,Nevada,057,2020-03-26,8,0,
Orange,Orange,059,2020-03-26,248,1,
Placer,Placer,061,2020-03-26,30,1,True
Riverside,Riverside,065,2020-03-26,107,8,True
Sacramento,Sacramento,067,2020-03-26,113,5,True
San Benito,San Benito,069,2020-03-26,12,1,
San Bernardino,San Bernardino,071,2020-03-26,55,3,
San Diego,San Diego,073,2020-03-26,341,3,
San Francisco,San Francisco,075,2020-03-26,223,2,
San Joaquin,San Joaquin,077,2020-03-26,83,3,
San Luis Obispo,San Luis Obispo,079,2020-03-26,54,0,
San Mateo,San Mateo,081,2020-03-26,195,5,
Santa Barbara,Santa Barbara,083,2020-03-26,32,0,
Santa Clara,Santa Clara,085,2020-03-26,542,19,True
Santa Cruz,Santa Cruz,087,2020-03-26,32,0,
Shasta,Shasta,089,2020-03-26,3,1,True
Siskiyou,Siskiyou,093,2020-03-26,3,0,
Solano,Solano,095,2020-03-26,34,0,
Sonoma,Sonoma,097,2020-03-26,49,1,
Stanislaus,Stanislaus,099,2020-03-26,17,0,
Sutter,Sutter,101,2020-03-26,2,0,
Tulare,Tulare,107,2020-03-26,20,0,
Ventura,Ventura,111,2020-03-26,61,1,
Yolo,Yolo,113,2020-03-26,11,1,
Yuba,Yuba,115,2020-03-26,3,0,
Alameda,Alameda,001,2020-03-25,124,2,
Berkeley,Alameda,001,2020-03-25,11,0,
Amador,Amador,005,2020-03-25,2,0,
Butte,Butte,007,2020-03-25,4,0,
Calaveras,Calaveras,009,2020-03-25,2,0,
Contra Costa,Contra Costa,013,2020-03-25,108,1,
El Dorado,El Dorado,017,2020-03-25,3,0,
Fresno,Fresno,019,2020-03-25,19,0,
Humboldt,Humboldt,023,2020-03-25,10,0,
Imperial,Imperial,025,2020-03-25,9,0,
Inyo,Inyo,027,2020-03-25,1,0,
Kern,Kern,029,2020-03-25,23,0,
Long Beach ,Los Angeles,037,2020-03-25,41,1,
Los Angeles,Los Angeles,037,2020-03-25,764,12,
Pasadena,Los Angeles,037,2020-03-25,9,0,
Madera,Madera,039,2020-03-25,7,0,
Marin,Marin,041,2020-03-25,60,0,
Mendocino,Mendocino,045,2020-03-25,2,0,
Merced,Merced,047,2020-03-25,2,0,
Mono,Mono,051,2020-03-25,4,0,
Monterey,Monterey,053,2020-03-25,24,1,
Napa,Napa,055,2020-03-25,6,0,
Nevada,Nevada,057,2020-03-25,7,0,
Orange,Orange,059,2020-03-25,184,1,
Placer,Placer,061,2020-03-25,30,1,
Riverside,Riverside,065,2020-03-25,107,8,
Sacramento,Sacramento,067,2020-03-25,113,5,
San Benito,San Benito,069,2020-03-25,9,1,
San Bernardino,San Bernardino,071,2020-03-25,54,2,
San Diego,San Diego,073,2020-03-25,283,2,
San Francisco,San Francisco,075,2020-03-25,178,1,
San Joaquin,San Joaquin,077,2020-03-25,71,3,
San Luis Obispo,San Luis Obispo,079,2020-03-25,46,0,
San Mateo,San Mateo,081,2020-03-25,165,5,
Santa Barbara,Santa Barbara,083,2020-03-25,26,0,
Santa Clara,Santa Clara,085,2020-03-25,542,19,
Santa Cruz,Santa Cruz,087,2020-03-25,25,0,
Shasta,Shasta,089,2020-03-25,3,1,
Siskiyou,Siskiyou,093,2020-03-25,3,0,
Solano,Solano,095,2020-03-25,31,0,
Sonoma,Sonoma,097,2020-03-25,39,1,
Stanislaus,Stanislaus,099,2020-03-25,12,0,
Sutter,Sutter,101,2020-03-25,2,0,
Tulare,Tulare,107,2020-03-25,18,0,
Ventura,Ventura,111,2020-03-25,50,1,
Yolo,Yolo,113,2020-03-25,11,1,
Yuba,Yuba,115,2020-03-25,3,0,
Alameda,Alameda,001,2020-03-24,124,2,
Berkeley,Alameda,001,2020-03-24,11,0,
Amador,Amador,005,2020-03-24,2,0,
Butte,Butte,007,2020-03-24,4,0,
Calaveras,Calaveras,009,2020-03-24,2,0,
Contra Costa,Contra Costa,013,2020-03-24,86,1,
El Dorado,El Dorado,017,2020-03-24,3,0,
Fresno,Fresno,019,2020-03-24,18,0,
Humboldt,Humboldt,023,2020-03-24,5,0,
Imperial,Imperial,025,2020-03-24,9,0,
Kern,Kern,029,2020-03-24,14,0,
Long Beach ,Los Angeles,037,2020-03-24,28,1,
Los Angeles,Los Angeles,037,2020-03-24,635,9,
Pasadena,Los Angeles,037,2020-03-24,7,0,
Madera,Madera,039,2020-03-24,6,0,
Marin,Marin,041,2020-03-24,53,0,
Mendocino,Mendocino,045,2020-03-24,2,0,
Merced,Merced,047,2020-03-24,1,0,
Mono,Mono,051,2020-03-24,2,0,
Monterey,Monterey,053,2020-03-24,24,1,
Napa,Napa,055,2020-03-24,3,0,
Nevada,Nevada,057,2020-03-24,4,0,
Orange,Orange,059,2020-03-24,147,1,
Placer,Placer,061,2020-03-24,26,1,
Riverside,Riverside,065,2020-03-24,59,6,
Sacramento,Sacramento,067,2020-03-24,88,4,True
San Benito,San Benito,069,2020-03-24,7,1,
San Bernardino,San Bernardino,071,2020-03-24,38,1,
San Diego,San Diego,073,2020-03-24,232,2,
San Francisco,San Francisco,075,2020-03-24,152,1,
San Joaquin,San Joaquin,077,2020-03-24,60,2,
San Luis Obispo,San Luis Obispo,079,2020-03-24,42,0,
San Mateo,San Mateo,081,2020-03-24,161,2,
Santa Barbara,Santa Barbara,083,2020-03-24,24,0,True
Santa Clara,Santa Clara,085,2020-03-24,375,16,
Santa Cruz,Santa Cruz,087,2020-03-24,24,0,
Shasta,Shasta,089,2020-03-24,3,0,
Siskiyou,Siskiyou,093,2020-03-24,3,0,True
Solano,Solano,095,2020-03-24,24,0,
Sonoma,Sonoma,097,2020-03-24,34,1,
Stanislaus,Stanislaus,099,2020-03-24,11,0,
Tulare,Tulare,107,2020-03-24,17,0,
Ventura,Ventura,111,2020-03-24,39,1,
Yolo,Yolo,113,2020-03-24,10,1,
Yuba,Yuba,115,2020-03-24,3,0,
Alameda,Alameda,001,2020-03-23,112,1,
Berkeley,Alameda,001,2020-03-23,10,0,
Amador,Amador,005,2020-03-23,2,0,
Butte,Butte,007,2020-03-23,3,0,
Calaveras,Calaveras,009,2020-03-23,2,0,
Contra Costa,Contra Costa,013,2020-03-23,71,1,
El Dorado,El Dorado,017,2020-03-23,2,0,
Fresno,Fresno,019,2020-03-23,13,0,
Humboldt,Humboldt,023,2020-03-23,2,0,
Imperial,Imperial,025,2020-03-23,6,0,
Kern,Kern,029,2020-03-23,12,0,
Long Beach ,Los Angeles,037,2020-03-23,21,1,
Los Angeles,Los Angeles,037,2020-03-23,516,7,
Pasadena,Los Angeles,037,2020-03-23,6,0,
Madera,Madera,039,2020-03-23,6,0,
Marin,Marin,041,2020-03-23,47,0,
Mendocino,Mendocino,045,2020-03-23,1,0,
Merced,Merced,047,2020-03-23,1,0,
Mono,Mono,051,2020-03-23,1,0,
Monterey,Monterey,053,2020-03-23,20,1,
Napa,Napa,055,2020-03-23,2,0,
Nevada,Nevada,057,2020-03-23,3,0,
Orange,Orange,059,2020-03-23,122,0,
Placer,Placer,061,2020-03-23,20,1,
Riverside,Riverside,065,2020-03-23,48,6,
Sacramento,Sacramento,067,2020-03-23,88,4,
San Benito,San Benito,069,2020-03-23,6,1,
San Bernardino,San Bernardino,071,2020-03-23,17,0,True
San Diego,San Diego,073,2020-03-23,197,1,
San Francisco,San Francisco,075,2020-03-23,131,0,
San Joaquin,San Joaquin,077,2020-03-23,51,2,
San Luis Obispo,San Luis Obispo,079,2020-03-23,33,0,
San Mateo,San Mateo,081,2020-03-23,142,1,
Santa Barbara,Santa Barbara,083,2020-03-23,18,0,True
Santa Clara,Santa Clara,085,2020-03-23,321,13,
Santa Cruz,Santa Cruz,087,2020-03-23,22,0,
Shasta,Shasta,089,2020-03-23,3,0,
Siskiyou,Siskiyou,093,2020-03-23,3,0,
Solano,Solano,095,2020-03-23,21,0,
Sonoma,Sonoma,097,2020-03-23,29,1,
Stanislaus,Stanislaus,099,2020-03-23,10,0,
Tulare,Tulare,107,2020-03-23,16,0,
Ventura,Ventura,111,2020-03-23,35,1,
Yolo,Yolo,113,2020-03-23,8,1,
Yuba,Yuba,115,2020-03-23,3,0,
Alameda,Alameda,001,2020-03-22,100,0,
Berkeley,Alameda,001,2020-03-22,5,0,True
Amador,Amador,005,2020-03-22,2,0,
Butte,Butte,007,2020-03-22,2,0,
Calaveras,Calaveras,009,2020-03-22,2,0,True
Contra Costa,Contra Costa,013,2020-03-22,61,1,
El Dorado,El Dorado,017,2020-03-22,2,0,True
Fresno,Fresno,019,2020-03-22,6,0,True
Humboldt,Humboldt,023,2020-03-22,2,0,True
Imperial,Imperial,025,2020-03-22,6,0,True
Kern,Kern,029,2020-03-22,4,0,
Long Beach ,Los Angeles,037,2020-03-22,17,0,
Los Angeles,Los Angeles,037,2020-03-22,391,5,
Pasadena,Los Angeles,037,2020-03-22,3,0,
Madera,Madera,039,2020-03-22,3,0,True
Marin,Marin,041,2020-03-22,38,0,True
Mendocino,Mendocino,045,2020-03-22,1,0,True
Merced,Merced,047,2020-03-22,1,0,
Mono,Mono,051,2020-03-22,1,0,
Monterey,Monterey,053,2020-03-22,14,1,
Napa,Napa,055,2020-03-22,2,0,
Nevada,Nevada,057,2020-03-22,1,0,
Orange,Orange,059,2020-03-22,94,0,
Placer,Placer,061,2020-03-22,12,1,
Riverside,Riverside,065,2020-03-22,45,6,
Sacramento,Sacramento,067,2020-03-22,53,3,True
San Benito,San Benito,069,2020-03-22,6,1,
San Bernardino,San Bernardino,071,2020-03-22,17,0,
San Diego,San Diego,073,2020-03-22,143,1,
San Francisco,San Francisco,075,2020-03-22,108,0,
San Joaquin,San Joaquin,077,2020-03-22,41,2,
San Luis Obispo,San Luis Obispo,079,2020-03-22,27,0,
San Mateo,San Mateo,081,2020-03-22,117,1,
Santa Barbara,Santa Barbara,083,2020-03-22,18,0,
Santa Clara,Santa Clara,085,2020-03-22,302,10,
Santa Cruz,Santa Cruz,087,2020-03-22,15,0,True
Shasta,Shasta,089,2020-03-22,2,0,
Siskiyou,Siskiyou,093,2020-03-22,2,0,True
Solano,Solano,095,2020-03-22,14,0,
Sonoma,Sonoma,097,2020-03-22,27,1,
Stanislaus,Stanislaus,099,2020-03-22,8,0,
Tulare,Tulare,107,2020-03-22,12,0,
Ventura,Ventura,111,2020-03-22,30,1,
Yolo,Yolo,113,2020-03-22,6,1,
Yuba,Yuba,115,2020-03-22,3,0,
Alameda,Alameda,001,2020-03-21,65,0,
Berkeley,Alameda,001,2020-03-21,6,0,
Amador,Amador,005,2020-03-21,2,0,
Butte,Butte,007,2020-03-21,1,0,
Calaveras,Calaveras,009,2020-03-21,2,0,True
Contra Costa,Contra Costa,013,2020-03-21,51,1,
El Dorado,El Dorado,017,2020-03-21,2,0,True
Fresno,Fresno,019,2020-03-21,6,0,
Humboldt,Humboldt,023,2020-03-21,2,0,
Imperial,Imperial,025,2020-03-21,6,0,
Kern,Kern,029,2020-03-21,4,0,
Long Beach ,Los Angeles,037,2020-03-21,15,0,
Los Angeles,Los Angeles,037,2020-03-21,335,4,
Pasadena,Los Angeles,037,2020-03-21,3,0,
Madera,Madera,039,2020-03-21,3,0,True
Marin,Marin,041,2020-03-21,38,0,
Mendocino,Mendocino,045,2020-03-21,1,0,True
Mono,Mono,051,2020-03-21,1,0,
Monterey,Monterey,053,2020-03-21,11,1,
Nevada,Nevada,057,2020-03-21,1,0,
Orange,Orange,059,2020-03-21,77,0,
Placer,Placer,061,2020-03-21,12,1,
Riverside,Riverside,065,2020-03-21,30,5,
Sacramento,Sacramento,067,2020-03-21,53,3,True
San Benito,San Benito,069,2020-03-21,5,1,True
San Bernardino,San Bernardino,071,2020-03-21,10,0,
San Diego,San Diego,073,2020-03-21,118,0,
San Francisco,San Francisco,075,2020-03-21,84,0,
San Joaquin,San Joaquin,077,2020-03-21,31,2,
San Luis Obispo,San Luis Obispo,079,2020-03-21,21,0,
San Mateo,San Mateo,081,2020-03-21,110,1,
Santa Barbara,Santa Barbara,083,2020-03-21,13,0,
Santa Clara,Santa Clara,085,2020-03-21,263,8,
Santa Cruz,Santa Cruz,087,2020-03-21,15,0,True
Shasta,Shasta,089,2020-03-21,1,0,
Siskiyou,Siskiyou,093,2020-03-21,2,0,
Solano,Solano,095,2020-03-21,14,0,
Sonoma,Sonoma,097,2020-03-21,24,1,
Stanislaus,Stanislaus,099,2020-03-21,5,0,
Tulare,Tulare,107,2020-03-21,11,0,True
Ventura,Ventura,111,2020-03-21,26,0,
Yolo,Yolo,113,2020-03-21,6,0,
Yuba,Yuba,115,2020-03-21,2,0,
Alameda,Alameda,001,2020-03-20,45,0,
Berkeley,Alameda,001,2020-03-20,5,0,
Amador,Amador,005,2020-03-20,1,0,
Calaveras,Calaveras,009,2020-03-20,2,0,
Contra Costa,Contra Costa,013,2020-03-20,46,1,
El Dorado,El Dorado,017,2020-03-20,2,0,
Fresno,Fresno,019,2020-03-20,6,0,
Humboldt,Humboldt,023,2020-03-20,2,0,
Imperial,Imperial,025,2020-03-20,4,0,
Kern,Kern,029,2020-03-20,3,0,
Long Beach ,Los Angeles,037,2020-03-20,14,0,
Los Angeles,Los Angeles,037,2020-03-20,278,2,
Pasadena,Los Angeles,037,2020-03-20,3,0,
Madera,Madera,039,2020-03-20,3,0,
Marin,Marin,041,2020-03-20,38,0,
Mendocino,Mendocino,045,2020-03-20,1,0,True
Monterey,Monterey,053,2020-03-20,5,0,
Nevada,Nevada,057,2020-03-20,1,0,
Orange,Orange,059,2020-03-20,64,0,
Placer,Placer,061,2020-03-20,9,1,
Riverside,Riverside,065,2020-03-20,28,4,
Sacramento,Sacramento,067,2020-03-20,53,3,
San Benito,San Benito,069,2020-03-20,5,1,True
San Bernardino,San Bernardino,071,2020-03-20,9,0,
San Diego,San Diego,073,2020-03-20,100,0,
San Francisco,San Francisco,075,2020-03-20,76,0,
San Joaquin,San Joaquin,077,2020-03-20,20,2,
San Luis Obispo,San Luis Obispo,079,2020-03-20,16,0,
San Mateo,San Mateo,081,2020-03-20,100,1,
Santa Barbara,Santa Barbara,083,2020-03-20,9,0,
Santa Clara,Santa Clara,085,2020-03-20,196,8,
Santa Cruz,Santa Cruz,087,2020-03-20,15,0,
Shasta,Shasta,089,2020-03-20,1,0,
Solano,Solano,095,2020-03-20,13,0,
Sonoma,Sonoma,097,2020-03-20,22,1,
Stanislaus,Stanislaus,099,2020-03-20,5,0,
Tulare,Tulare,107,2020-03-20,11,0,
Ventura,Ventura,111,2020-03-20,19,0,
Yolo,Yolo,113,2020-03-20,6,0,
Alameda,Alameda,001,2020-03-19,35,0,
Berkeley,Alameda,001,2020-03-19,3,0,
Amador,Amador,005,2020-03-19,1,0,
Calaveras,Calaveras,009,2020-03-19,2,0,
Contra Costa,Contra Costa,013,2020-03-19,42,0,
Fresno,Fresno,019,2020-03-19,3,0,
Humboldt,Humboldt,023,2020-03-19,1,0,
Imperial,Imperial,025,2020-03-19,4,0,
Kern,Kern,029,2020-03-19,3,0,
Long Beach ,Los Angeles,037,2020-03-19,12,0,
Los Angeles,Los Angeles,037,2020-03-19,217,2,
Pasadena,Los Angeles,037,2020-03-19,2,0,
Madera,Madera,039,2020-03-19,2,0,
Marin,Marin,041,2020-03-19,25,0,
Mendocino,Mendocino,045,2020-03-19,1,0,
Monterey,Monterey,053,2020-03-19,2,0,
Nevada,Nevada,057,2020-03-19,1,0,
Orange,Orange,059,2020-03-19,51,0,
Placer,Placer,061,2020-03-19,9,1,
Riverside,Riverside,065,2020-03-19,22,3,
Sacramento,Sacramento,067,2020-03-19,45,3,
San Benito,San Benito,069,2020-03-19,5,1,
San Bernardino,San Bernardino,071,2020-03-19,5,0,True
San Diego,San Diego,073,2020-03-19,70,0,
San Francisco,San Francisco,075,2020-03-19,70,0,
San Joaquin,San Joaquin,077,2020-03-19,17,2,
San Luis Obispo,San Luis Obispo,079,2020-03-19,13,0,
San Mateo,San Mateo,081,2020-03-19,89,1,
Santa Barbara,Santa Barbara,083,2020-03-19,8,0,
Santa Clara,Santa Clara,085,2020-03-19,189,6,
Santa Cruz,Santa Cruz,087,2020-03-19,14,0,
Shasta,Shasta,089,2020-03-19,1,0,
Solano,Solano,095,2020-03-19,10,0,
Sonoma,Sonoma,097,2020-03-19,11,0,
Stanislaus,Stanislaus,099,2020-03-19,5,0,
Tulare,Tulare,107,2020-03-19,7,0,
Ventura,Ventura,111,2020-03-19,17,0,
Yolo,Yolo,113,2020-03-19,5,0,
Alameda,Alameda,001,2020-03-18,31,0,
Berkeley,Alameda,001,2020-03-18,3,0,
Amador,Amador,005,2020-03-18,1,0,
Calaveras,Calaveras,009,2020-03-18,2,0,
Contra Costa,Contra Costa,013,2020-03-18,41,0,
Fresno,Fresno,019,2020-03-18,3,0,
Humboldt,Humboldt,023,2020-03-18,1,0,
Imperial,Imperial,025,2020-03-18,2,0,
Kern,Kern,029,2020-03-18,0,0,
Long Beach ,Los Angeles,037,2020-03-18,10,0,
Los Angeles,Los Angeles,037,2020-03-18,180,1,
Pasadena,Los Angeles,037,2020-03-18,2,0,True
Madera,Madera,039,2020-03-18,1,0,
Marin,Marin,041,2020-03-18,15,0,
Mendocino,Mendocino,045,2020-03-18,1,0,
Monterey,Monterey,053,2020-03-18,2,0,True
Nevada,Nevada,057,2020-03-18,1,0,
Orange,Orange,059,2020-03-18,41,0,
Placer,Placer,061,2020-03-18,9,1,
Riverside,Riverside,065,2020-03-18,16,3,
Sacramento,Sacramento,067,2020-03-18,40,2,True
San Benito,San Benito,069,2020-03-18,5,1,
San Bernardino,San Bernardino,071,2020-03-18,5,0,
San Diego,San Diego,073,2020-03-18,59,0,
San Francisco,San Francisco,075,2020-03-18,51,0,
San Joaquin,San Joaquin,077,2020-03-18,14,2,
San Luis Obispo,San Luis Obispo,079,2020-03-18,7,0,
San Mateo,San Mateo,081,2020-03-18,80,1,
Santa Barbara,Santa Barbara,083,2020-03-18,3,0,
Santa Clara,Santa Clara,085,2020-03-18,175,6,
Santa Cruz,Santa Cruz,087,2020-03-18,13,0,
Shasta,Shasta,089,2020-03-18,1,0,
Solano,Solano,095,2020-03-18,8,0,
Sonoma,Sonoma,097,2020-03-18,9,0,
Stanislaus,Stanislaus,099,2020-03-18,5,0,
Tulare,Tulare,107,2020-03-18,5,0,
Ventura,Ventura,111,2020-03-18,13,0,
Yolo,Yolo,113,2020-03-18,5,0,
Alameda,Alameda,001,2020-03-17,27,0,
Berkeley,Alameda,001,2020-03-17,3,0,
Amador,Amador,005,2020-03-17,1,0,
Calaveras,Calaveras,009,2020-03-17,2,0,
Contra Costa,Contra Costa,013,2020-03-17,39,0,
Fresno,Fresno,019,2020-03-17,2,0,
Humboldt,Humboldt,023,2020-03-17,1,0,
Imperial,Imperial,025,2020-03-17,2,0,
Kern,Kern,029,2020-03-17,1,0,
Long Beach ,Los Angeles,037,2020-03-17,8,0,
Los Angeles,Los Angeles,037,2020-03-17,137,1,
Pasadena,Los Angeles,037,2020-03-17,2,0,
Madera,Madera,039,2020-03-17,1,0,
Marin,Marin,041,2020-03-17,15,0,
Monterey,Monterey,053,2020-03-17,2,0,
Nevada,Nevada,057,2020-03-17,1,0,
Orange,Orange,059,2020-03-17,29,0,
Placer,Placer,061,2020-03-17,8,1,
Riverside,Riverside,065,2020-03-17,16,3,
Sacramento,Sacramento,067,2020-03-17,40,2,
San Benito,San Benito,069,2020-03-17,4,1,
San Bernardino,San Bernardino,071,2020-03-17,3,0,
San Diego,San Diego,073,2020-03-17,50,0,
San Francisco,San Francisco,075,2020-03-17,43,0,
San Joaquin,San Joaquin,077,2020-03-17,13,0,
San Luis Obispo,San Luis Obispo,079,2020-03-17,6,0,
San Mateo,San Mateo,081,2020-03-17,64,1,
Santa Barbara,Santa Barbara,083,2020-03-17,2,0,
Santa Clara,Santa Clara,085,2020-03-17,155,5,
Santa Cruz,Santa Cruz,087,2020-03-17,13,0,
Shasta,Shasta,089,2020-03-17,1,0,
Solano,Solano,095,2020-03-17,8,0,
Sonoma,Sonoma,097,2020-03-17,9,0,
Stanislaus,Stanislaus,099,2020-03-17,3,0,
Tulare,Tulare,107,2020-03-17,3,0,
Ventura,Ventura,111,2020-03-17,10,0,
Yolo,Yolo,113,2020-03-17,4,0,
Alameda,Alameda,001,2020-03-16,18,0,
Berkeley,Alameda,001,2020-03-16,3,0,
Amador,Amador,005,2020-03-16,1,0,
Calaveras,Calaveras,009,2020-03-16,2,0,
Contra Costa,Contra Costa,013,2020-03-16,34,0,
Fresno,Fresno,019,2020-03-16,2,0,
Humboldt,Humboldt,023,2020-03-16,1,0,
Imperial,Imperial,025,2020-03-16,2,0,
Long Beach ,Los Angeles,037,2020-03-16,5,0,
Los Angeles,Los Angeles,037,2020-03-16,87,1,
Pasadena,Los Angeles,037,2020-03-16,2,0,
Madera,Madera,039,2020-03-16,1,0,
Marin,Marin,041,2020-03-16,11,0,
Nevada,Nevada,057,2020-03-16,1,0,
Orange,Orange,059,2020-03-16,22,0,
Placer,Placer,061,2020-03-16,8,1,
Riverside,Riverside,065,2020-03-16,15,2,
Sacramento,Sacramento,067,2020-03-16,33,2,
San Benito,San Benito,069,2020-03-16,3,1,
San Bernardino,San Bernardino,071,2020-03-16,2,0,
San Diego,San Diego,073,2020-03-16,37,0,
San Francisco,San Francisco,075,2020-03-16,40,0,
San Joaquin,San Joaquin,077,2020-03-16,9,0,
San Luis Obispo,San Luis Obispo,079,2020-03-16,3,0,
San Mateo,San Mateo,081,2020-03-16,42,1,
Santa Barbara,Santa Barbara,083,2020-03-16,1,0,
Santa Clara,Santa Clara,085,2020-03-16,138,4,
Santa Cruz,Santa Cruz,087,2020-03-16,9,0,
Shasta,Shasta,089,2020-03-16,1,0,
Solano,Solano,095,2020-03-16,9,0,
Sonoma,Sonoma,097,2020-03-16,7,0,
Stanislaus,Stanislaus,099,2020-03-16,3,0,
Tulare,Tulare,107,2020-03-16,3,0,
Ventura,Ventura,111,2020-03-16,4,0,
Yolo,Yolo,113,2020-03-16,2,0,
Alameda,Alameda,001,2020-03-15,15,0,
Berkeley,Alameda,001,2020-03-15,3,0,
Amador,Amador,005,2020-03-15,1,0,
Calaveras,Calaveras,009,2020-03-15,2,0,
Contra Costa,Contra Costa,013,2020-03-15,29,0,
Fresno,Fresno,019,2020-03-15,2,0,
Humboldt,Humboldt,023,2020-03-15,1,0,
Imperial,Imperial,025,2020-03-15,2,0,
Long Beach ,Los Angeles,037,2020-03-15,5,0,
Los Angeles,Los Angeles,037,2020-03-15,63,1,
Pasadena,Los Angeles,037,2020-03-15,1,0,
Madera,Madera,039,2020-03-15,1,0,
Marin,Marin,041,2020-03-15,9,0,
Orange,Orange,059,2020-03-15,17,0,
Placer,Placer,061,2020-03-15,8,1,
Riverside,Riverside,065,2020-03-15,14,0,
Sacramento,Sacramento,067,2020-03-15,32,1,
San Benito,San Benito,069,2020-03-15,3,0,
San Bernardino,San Bernardino,071,2020-03-15,1,0,
San Diego,San Diego,073,2020-03-15,25,0,
San Francisco,San Francisco,075,2020-03-15,37,0,
San Joaquin,San Joaquin,077,2020-03-15,8,0,
San Luis Obispo,San Luis Obispo,079,2020-03-15,2,0,
San Mateo,San Mateo,081,2020-03-15,32,1,
Santa Barbara,Santa Barbara,083,2020-03-15,1,0,
Santa Clara,Santa Clara,085,2020-03-15,114,2,
Santa Cruz,Santa Cruz,087,2020-03-15,7,0,
Shasta,Shasta,089,2020-03-15,1,0,
Solano,Solano,095,2020-03-15,6,0,
Sonoma,Sonoma,097,2020-03-15,4,0,
Stanislaus,Stanislaus,099,2020-03-15,2,0,
Tulare,Tulare,107,2020-03-15,3,0,
Ventura,Ventura,111,2020-03-15,4,0,
Yolo,Yolo,113,2020-03-15,2,0,
Alameda,Alameda,001,2020-03-14,7,0,
Berkeley,Alameda,001,2020-03-14,3,0,
Amador,Amador,005,2020-03-14,1,0,
Calaveras,Calaveras,009,2020-03-14,2,0,
Contra Costa,Contra Costa,013,2020-03-14,29,0,
Fresno,Fresno,019,2020-03-14,2,0,
Humboldt,Humboldt,023,2020-03-14,1,0,
Imperial,Imperial,025,2020-03-14,2,0,
Long Beach ,Los Angeles,037,2020-03-14,5,0,
Los Angeles,Los Angeles,037,2020-03-14,48,1,
Pasadena,Los Angeles,037,2020-03-14,1,0,
Madera,Madera,039,2020-03-14,1,0,
Marin,Marin,041,2020-03-14,5,0,
Orange,Orange,059,2020-03-14,14,0,
Placer,Placer,061,2020-03-14,8,1,
Riverside,Riverside,065,2020-03-14,14,0,
Sacramento,Sacramento,067,2020-03-14,29,1,
San Benito,San Benito,069,2020-03-14,3,0,
San Diego,San Diego,073,2020-03-14,19,0,
San Francisco,San Francisco,075,2020-03-14,28,0,
San Joaquin,San Joaquin,077,2020-03-14,8,0,
San Luis Obispo,San Luis Obispo,079,2020-03-14,1,0,
San Mateo,San Mateo,081,2020-03-14,32,0,
Santa Clara,Santa Clara,085,2020-03-14,91,2,
Santa Cruz,Santa Cruz,087,2020-03-14,7,0,
Shasta,Shasta,089,2020-03-14,1,0,
Solano,Solano,095,2020-03-14,6,0,
Sonoma,Sonoma,097,2020-03-14,4,0,
Stanislaus,Stanislaus,099,2020-03-14,2,0,
Tulare,Tulare,107,2020-03-14,2,0,
Ventura,Ventura,111,2020-03-14,4,0,
Yolo,Yolo,113,2020-03-14,2,0,
Alameda,Alameda,001,2020-03-13,7,0,
Berkeley,Alameda,001,2020-03-13,2,0,
Amador,Amador,005,2020-03-13,1,0,
Calaveras,Calaveras,009,2020-03-13,2,0,
Contra Costa,Contra Costa,013,2020-03-13,25,0,
Fresno,Fresno,019,2020-03-13,1,0,
Humboldt,Humboldt,023,2020-03-13,1,0,
Imperial,Imperial,025,2020-03-13,2,0,
Long Beach ,Los Angeles,037,2020-03-13,4,0,
Los Angeles,Los Angeles,037,2020-03-13,35,1,
Pasadena,Los Angeles,037,2020-03-13,1,0,
Madera,Madera,039,2020-03-13,1,0,
Marin,Marin,041,2020-03-13,3,0,
Orange,Orange,059,2020-03-13,6,0,
Placer,Placer,061,2020-03-13,7,1,
Riverside,Riverside,065,2020-03-13,12,0,
Sacramento,Sacramento,067,2020-03-13,17,1,True
San Benito,San Benito,069,2020-03-13,3,0,
San Diego,San Diego,073,2020-03-13,10,0,
San Francisco,San Francisco,075,2020-03-13,23,0,
San Joaquin,San Joaquin,077,2020-03-13,8,0,
San Mateo,San Mateo,081,2020-03-13,20,0,
Santa Clara,Santa Clara,085,2020-03-13,79,2,
Santa Cruz,Santa Cruz,087,2020-03-13,7,0,
Shasta,Shasta,089,2020-03-13,1,0,
Solano,Solano,095,2020-03-13,6,0,
Sonoma,Sonoma,097,2020-03-13,2,0,
Stanislaus,Stanislaus,099,2020-03-13,2,0,
Tulare,Tulare,107,2020-03-13,1,0,
Ventura,Ventura,111,2020-03-13,5,0,
Yolo,Yolo,113,2020-03-13,2,0,
Alameda,Alameda,001,2020-03-12,7,0,
Berkeley,Alameda,001,2020-03-12,2,0,
Calaveras,Calaveras,009,2020-03-12,2,0,
Contra Costa,Contra Costa,013,2020-03-12,17,0,
Fresno,Fresno,019,2020-03-12,1,0,
Humboldt,Humboldt,023,2020-03-12,1,0,
Imperial,Imperial,025,2020-03-12,2,0,
Long Beach ,Los Angeles,037,2020-03-12,4,0,
Los Angeles,Los Angeles,037,2020-03-12,27,1,
Pasadena,Los Angeles,037,2020-03-12,1,0,
Madera,Madera,039,2020-03-12,1,0,
Marin,Marin,041,2020-03-12,3,0,
Orange,Orange,059,2020-03-12,6,0,
Placer,Placer,061,2020-03-12,7,1,
Riverside,Riverside,065,2020-03-12,8,0,
Sacramento,Sacramento,067,2020-03-12,17,1,
San Benito,San Benito,069,2020-03-12,2,0,
San Diego,San Diego,073,2020-03-12,5,0,
San Francisco,San Francisco,075,2020-03-12,18,0,
San Mateo,San Mateo,081,2020-03-12,20,0,
Santa Clara,Santa Clara,085,2020-03-12,66,1,
Santa Cruz,Santa Cruz,087,2020-03-12,4,0,
Shasta,Shasta,089,2020-03-12,1,0,
Solano,Solano,095,2020-03-12,6,0,
Sonoma,Sonoma,097,2020-03-12,2,0,
Stanislaus,Stanislaus,099,2020-03-12,2,0,
Tulare,Tulare,107,2020-03-12,1,0,
Ventura,Ventura,111,2020-03-12,3,0,
Yolo,Yolo,113,2020-03-12,1,0,
Alameda,Alameda,001,2020-03-11,3,0,
Berkeley,Alameda,001,2020-03-11,2,0,
Calaveras,Calaveras,009,2020-03-11,2,0,
Contra Costa,Contra Costa,013,2020-03-11,10,0,
Fresno,Fresno,019,2020-03-11,1,0,
Humboldt,Humboldt,023,2020-03-11,1,0,
Imperial,Imperial,025,2020-03-11,2,0,
Long Beach ,Los Angeles,037,2020-03-11,4,0,
Los Angeles,Los Angeles,037,2020-03-11,24,1,
Pasadena,Los Angeles,037,2020-03-11,1,0,
Madera,Madera,039,2020-03-11,1,0,
Marin,Marin,041,2020-03-11,3,0,
Orange,Orange,059,2020-03-11,6,0,
Placer,Placer,061,2020-03-11,7,1,
Riverside,Riverside,065,2020-03-11,7,0,
Sacramento,Sacramento,067,2020-03-11,10,1,True
San Benito,San Benito,069,2020-03-11,2,0,
San Diego,San Diego,073,2020-03-11,4,0,
San Francisco,San Francisco,075,2020-03-11,14,0,
San Mateo,San Mateo,081,2020-03-11,15,0,
Santa Clara,Santa Clara,085,2020-03-11,48,1,
Santa Cruz,Santa Cruz,087,2020-03-11,4,0,
Shasta,Shasta,089,2020-03-11,1,0,
Solano,Solano,095,2020-03-11,6,0,
Sonoma,Sonoma,097,2020-03-11,2,0,
Stanislaus,Stanislaus,099,2020-03-11,2,0,
Tulare,Tulare,107,2020-03-11,1,0,
Ventura,Ventura,111,2020-03-11,2,0,
Yolo,Yolo,113,2020-03-11,1,0,
Alameda,Alameda,001,2020-03-10,3,0,
Berkeley,Alameda,001,2020-03-10,2,0,
Calaveras,Calaveras,009,2020-03-10,2,0,
Contra Costa,Contra Costa,013,2020-03-10,10,0,
Fresno,Fresno,019,2020-03-10,1,0,
Humboldt,Humboldt,023,2020-03-10,1,0,
Long Beach ,Los Angeles,037,2020-03-10,3,0,
Los Angeles,Los Angeles,037,2020-03-10,17,0,
Madera,Madera,039,2020-03-10,1,0,
Marin,Marin,041,2020-03-10,1,0,
Orange,Orange,059,2020-03-10,5,0,
Placer,Placer,061,2020-03-10,7,1,
Riverside,Riverside,065,2020-03-10,6,0,
Sacramento,Sacramento,067,2020-03-10,10,1,True
San Benito,San Benito,069,2020-03-10,2,0,
San Diego,San Diego,073,2020-03-10,2,0,
San Francisco,San Francisco,075,2020-03-10,14,0,
San Mateo,San Mateo,081,2020-03-10,9,0,
Santa Clara,Santa Clara,085,2020-03-10,45,1,
Santa Cruz,Santa Cruz,087,2020-03-10,2,0,
Shasta,Shasta,089,2020-03-10,1,0,
Solano,Solano,095,2020-03-10,6,0,
Sonoma,Sonoma,097,2020-03-10,2,0,
Stanislaus,Stanislaus,099,2020-03-10,0,0,
Ventura,Ventura,111,2020-03-10,1,0,
Yolo,Yolo,113,2020-03-10,1,0,
Alameda,Alameda,001,2020-03-09,2,0,
Berkeley,Alameda,001,2020-03-09,1,0,
Calaveras,Calaveras,009,2020-03-09,0,0,
Contra Costa,Contra Costa,013,2020-03-09,9,0,
Fresno,Fresno,019,2020-03-09,1,0,
Humboldt,Humboldt,023,2020-03-09,1,0,
Long Beach ,Los Angeles,037,2020-03-09,3,0,
Los Angeles,Los Angeles,037,2020-03-09,16,0,
Madera,Madera,039,2020-03-09,1,0,
Marin,Marin,041,2020-03-09,1,0,
Orange,Orange,059,2020-03-09,5,0,
Placer,Placer,061,2020-03-09,5,1,
Riverside,Riverside,065,2020-03-09,6,0,
Sacramento,Sacramento,067,2020-03-09,10,0,
San Benito,San Benito,069,2020-03-09,2,0,
San Diego,San Diego,073,2020-03-09,2,0,
San Francisco,San Francisco,075,2020-03-09,13,0,
San Mateo,San Mateo,081,2020-03-09,9,0,
Santa Clara,Santa Clara,085,2020-03-09,43,1,
Santa Cruz,Santa Cruz,087,2020-03-09,2,0,
Shasta,Shasta,089,2020-03-09,1,0,
Solano,Solano,095,2020-03-09,6,0,
Sonoma,Sonoma,097,2020-03-09,2,0,
Stanislaus,Stanislaus,099,2020-03-09,0,0,
Ventura,Ventura,111,2020-03-09,1,0,
Yolo,Yolo,113,2020-03-09,1,0,
Alameda,Alameda,001,2020-03-08,2,0,
Berkeley,Alameda,001,2020-03-08,1,0,
Calaveras,Calaveras,009,2020-03-08,0,0,
Contra Costa,Contra Costa,013,2020-03-08,9,0,
Fresno,Fresno,019,2020-03-08,1,0,
Humboldt,Humboldt,023,2020-03-08,1,0,
Long Beach ,Los Angeles,037,2020-03-08,0,0,
Los Angeles,Los Angeles,037,2020-03-08,14,0,
Madera,Madera,039,2020-03-08,1,0,
Marin,Marin,041,2020-03-08,0,0,
Orange,Orange,059,2020-03-08,4,0,
Placer,Placer,061,2020-03-08,5,1,
Riverside,Riverside,065,2020-03-08,2,0,
Sacramento,Sacramento,067,2020-03-08,3,0,
San Benito,San Benito,069,2020-03-08,2,0,
San Diego,San Diego,073,2020-03-08,1,0,
San Francisco,San Francisco,075,2020-03-08,8,0,
San Mateo,San Mateo,081,2020-03-08,2,0,
Santa Clara,Santa Clara,085,2020-03-08,37,0,
Santa Cruz,Santa Cruz,087,2020-03-08,1,0,
Shasta,Shasta,089,2020-03-08,1,0,
Solano,Solano,095,2020-03-08,3,0,
Sonoma,Sonoma,097,2020-03-08,2,0,
Stanislaus,Stanislaus,099,2020-03-08,0,0,
Ventura,Ventura,111,2020-03-08,1,0,
Yolo,Yolo,113,2020-03-08,1,0,
Alameda,Alameda,001,2020-03-07,2,0,
Berkeley,Alameda,001,2020-03-07,1,0,
Calaveras,Calaveras,009,2020-03-07,0,0,
Contra Costa,Contra Costa,013,2020-03-07,4,0,
Fresno,Fresno,019,2020-03-07,1,0,
Humboldt,Humboldt,023,2020-03-07,1,0,
Long Beach ,Los Angeles,037,2020-03-07,0,0,
Los Angeles,Los Angeles,037,2020-03-07,14,0,
Madera,Madera,039,2020-03-07,1,0,
Marin,Marin,041,2020-03-07,0,0,
Orange,Orange,059,2020-03-07,4,0,
Placer,Placer,061,2020-03-07,5,1,
Riverside,Riverside,065,2020-03-07,2,0,
Sacramento,Sacramento,067,2020-03-07,3,0,
San Benito,San Benito,069,2020-03-07,2,0,
San Diego,San Diego,073,2020-03-07,0,0,
San Francisco,San Francisco,075,2020-03-07,8,0,
San Mateo,San Mateo,081,2020-03-07,2,0,
Santa Clara,Santa Clara,085,2020-03-07,32,0,
Santa Cruz,Santa Cruz,087,2020-03-07,1,0,
Shasta,Shasta,089,2020-03-07,0,0,
Solano,Solano,095,2020-03-07,3,0,
Sonoma,Sonoma,097,2020-03-07,2,0,
Stanislaus,Stanislaus,099,2020-03-07,0,0,
Ventura,Ventura,111,2020-03-07,1,0,
Yolo,Yolo,113,2020-03-07,1,0,
Alameda,Alameda,001,2020-03-06,2,0,
Berkeley,Alameda,001,2020-03-06,1,0,
Calaveras,Calaveras,009,2020-03-06,0,0,
Contra Costa,Contra Costa,013,2020-03-06,4,0,
Humboldt,Humboldt,023,2020-03-06,1,0,
Long Beach ,Los Angeles,037,2020-03-06,0,0,
Los Angeles,Los Angeles,037,2020-03-06,13,0,
Marin,Marin,041,2020-03-06,0,0,
Orange,Orange,059,2020-03-06,4,0,
Placer,Placer,061,2020-03-06,5,1,
Riverside,Riverside,065,2020-03-06,0,0,
Sacramento,Sacramento,067,2020-03-06,3,0,
San Benito,San Benito,069,2020-03-06,2,0,
San Diego,San Diego,073,2020-03-06,0,0,
San Francisco,San Francisco,075,2020-03-06,2,0,
San Mateo,San Mateo,081,2020-03-06,2,0,
Santa Clara,Santa Clara,085,2020-03-06,24,0,
Santa Cruz,Santa Cruz,087,2020-03-06,0,0,
Shasta,Shasta,089,2020-03-06,0,0,
Solano,Solano,095,2020-03-06,3,0,
Sonoma,Sonoma,097,2020-03-06,2,0,
Stanislaus,Stanislaus,099,2020-03-06,0,0,
Ventura,Ventura,111,2020-03-06,1,0,
Yolo,Yolo,113,2020-03-06,1,0,
Alameda,Alameda,001,2020-03-05,1,0,
Berkeley,Alameda,001,2020-03-05,1,0,
Calaveras,Calaveras,009,2020-03-05,0,0,
Contra Costa,Contra Costa,013,2020-03-05,1,0,
Humboldt,Humboldt,023,2020-03-05,1,0,
Long Beach ,Los Angeles,037,2020-03-05,0,0,
Los Angeles,Los Angeles,037,2020-03-05,11,0,
Marin,Marin,041,2020-03-05,0,0,
Orange,Orange,059,2020-03-05,3,0,
Placer,Placer,061,2020-03-05,2,1,
Riverside,Riverside,065,2020-03-05,0,0,
Sacramento,Sacramento,067,2020-03-05,3,0,
San Benito,San Benito,069,2020-03-05,2,0,
San Diego,San Diego,073,2020-03-05,0,0,
San Francisco,San Francisco,075,2020-03-05,2,0,
San Mateo,San Mateo,081,2020-03-05,2,0,
Santa Clara,Santa Clara,085,2020-03-05,20,0,
Santa Cruz,Santa Cruz,087,2020-03-05,0,0,
Shasta,Shasta,089,2020-03-05,0,0,
Solano,Solano,095,2020-03-05,3,0,
Sonoma,Sonoma,097,2020-03-05,2,0,
Stanislaus,Stanislaus,099,2020-03-05,0,0,
Ventura,Ventura,111,2020-03-05,0,0,
Yolo,Yolo,113,2020-03-05,0,0,
Alameda,Alameda,001,2020-03-04,1,0,
Berkeley,Alameda,001,2020-03-04,1,0,
Calaveras,Calaveras,009,2020-03-04,0,0,
Contra Costa,Contra Costa,013,2020-03-04,1,0,
Humboldt,Humboldt,023,2020-03-04,1,0,
Long Beach ,Los Angeles,037,2020-03-04,0,0,
Los Angeles,Los Angeles,037,2020-03-04,7,0,
Marin,Marin,041,2020-03-04,0,0,
Orange,Orange,059,2020-03-04,3,0,
Placer,Placer,061,2020-03-04,2,1,
Riverside,Riverside,065,2020-03-04,0,0,
Sacramento,Sacramento,067,2020-03-04,1,0,
San Benito,San Benito,069,2020-03-04,2,0,
San Diego,San Diego,073,2020-03-04,0,0,
San Francisco,San Francisco,075,2020-03-04,0,0,
San Mateo,San Mateo,081,2020-03-04,2,0,
Santa Clara,Santa Clara,085,2020-03-04,14,0,
Santa Cruz,Santa Cruz,087,2020-03-04,0,0,
Shasta,Shasta,089,2020-03-04,0,0,
Solano,Solano,095,2020-03-04,3,0,
Sonoma,Sonoma,097,2020-03-04,2,0,
Stanislaus,Stanislaus,099,2020-03-04,0,0,
Ventura,Ventura,111,2020-03-04,0,0,
Yolo,Yolo,113,2020-03-04,0,0,
Alameda,Alameda,001,2020-03-03,1,0,
Berkeley,Alameda,001,2020-03-03,1,0,
Calaveras,Calaveras,009,2020-03-03,0,0,
Contra Costa,Contra Costa,013,2020-03-03,1,0,
Humboldt,Humboldt,023,2020-03-03,1,0,
Long Beach ,Los Angeles,037,2020-03-03,0,0,
Los Angeles,Los Angeles,037,2020-03-03,1,0,
Marin,Marin,041,2020-03-03,0,0,
Orange,Orange,059,2020-03-03,3,0,
Placer,Placer,061,2020-03-03,2,0,
Riverside,Riverside,065,2020-03-03,0,0,
Sacramento,Sacramento,067,2020-03-03,1,0,
San Benito,San Benito,069,2020-03-03,2,0,
San Diego,San Diego,073,2020-03-03,0,0,
San Francisco,San Francisco,075,2020-03-03,0,0,
San Mateo,San Mateo,081,2020-03-03,2,0,
Santa Clara,Santa Clara,085,2020-03-03,11,0,
Santa Cruz,Santa Cruz,087,2020-03-03,0,0,
Shasta,Shasta,089,2020-03-03,0,0,
Solano,Solano,095,2020-03-03,3,0,
Sonoma,Sonoma,097,2020-03-03,1,0,
Stanislaus,Stanislaus,099,2020-03-03,0,0,
Ventura,Ventura,111,2020-03-03,0,0,
Yolo,Yolo,113,2020-03-03,0,0,
Alameda,Alameda,001,2020-03-02,1,0,
Berkeley,Alameda,001,2020-03-02,0,0,
Calaveras,Calaveras,009,2020-03-02,0,0,
Contra Costa,Contra Costa,013,2020-03-02,0,0,
Humboldt,Humboldt,023,2020-03-02,1,0,
Long Beach ,Los Angeles,037,2020-03-02,0,0,
Los Angeles,Los Angeles,037,2020-03-02,1,0,
Marin,Marin,041,2020-03-02,0,0,
Orange,Orange,059,2020-03-02,1,0,
Placer,Placer,061,2020-03-02,1,0,
Riverside,Riverside,065,2020-03-02,0,0,
Sacramento,Sacramento,067,2020-03-02,1,0,
San Benito,San Benito,069,2020-03-02,2,0,
San Diego,San Diego,073,2020-03-02,0,0,
San Francisco,San Francisco,075,2020-03-02,0,0,
San Mateo,San Mateo,081,2020-03-02,2,0,
Santa Clara,Santa Clara,085,2020-03-02,9,0,
Santa Cruz,Santa Cruz,087,2020-03-02,0,0,
Shasta,Shasta,089,2020-03-02,0,0,
Solano,Solano,095,2020-03-02,3,0,
Sonoma,Sonoma,097,2020-03-02,1,0,
Stanislaus,Stanislaus,099,2020-03-02,0,0,
Ventura,Ventura,111,2020-03-02,0,0,
Yolo,Yolo,113,2020-03-02,0,0,
Alameda,Alameda,001,2020-03-01,1,0,
Berkeley,Alameda,001,2020-03-01,0,0,
Calaveras,Calaveras,009,2020-03-01,0,0,
Contra Costa,Contra Costa,013,2020-03-01,0,0,
Humboldt,Humboldt,023,2020-03-01,1,0,
Long Beach ,Los Angeles,037,2020-03-01,0,0,
Los Angeles,Los Angeles,037,2020-03-01,1,0,
Marin,Marin,041,2020-03-01,0,0,
Orange,Orange,059,2020-03-01,1,0,
Placer,Placer,061,2020-03-01,0,0,
Riverside,Riverside,065,2020-03-01,0,0,
Sacramento,Sacramento,067,2020-03-01,1,0,
San Benito,San Benito,069,2020-03-01,2,0,
San Diego,San Diego,073,2020-03-01,0,0,
San Francisco,San Francisco,075,2020-03-01,0,0,
San Mateo,San Mateo,081,2020-03-01,1,0,
Santa Clara,Santa Clara,085,2020-03-01,7,0,
Santa Cruz,Santa Cruz,087,2020-03-01,0,0,
Shasta,Shasta,089,2020-03-01,0,0,
Solano,Solano,095,2020-03-01,3,0,
Sonoma,Sonoma,097,2020-03-01,0,0,
Stanislaus,Stanislaus,099,2020-03-01,0,0,
Ventura,Ventura,111,2020-03-01,0,0,
Yolo,Yolo,113,2020-03-01,0,0,
Alameda,Alameda,001,2020-02-29,0,0,
Berkeley,Alameda,001,2020-02-29,0,0,
Calaveras,Calaveras,009,2020-02-29,0,0,
Contra Costa,Contra Costa,013,2020-02-29,0,0,
Humboldt,Humboldt,023,2020-02-29,1,0,
Long Beach ,Los Angeles,037,2020-02-29,0,0,
Los Angeles,Los Angeles,037,2020-02-29,1,0,
Marin,Marin,041,2020-02-29,0,0,
Orange,Orange,059,2020-02-29,1,0,
Placer,Placer,061,2020-02-29,0,0,
Riverside,Riverside,065,2020-02-29,0,0,
Sacramento,Sacramento,067,2020-02-29,1,0,
San Benito,San Benito,069,2020-02-29,2,0,
San Diego,San Diego,073,2020-02-29,0,0,
San Francisco,San Francisco,075,2020-02-29,0,0,
San Mateo,San Mateo,081,2020-02-29,1,0,
Santa Clara,Santa Clara,085,2020-02-29,4,0,
Santa Cruz,Santa Cruz,087,2020-02-29,0,0,
Shasta,Shasta,089,2020-02-29,0,0,
Solano,Solano,095,2020-02-29,2,0,
Sonoma,Sonoma,097,2020-02-29,0,0,
Stanislaus,Stanislaus,099,2020-02-29,0,0,
Ventura,Ventura,111,2020-02-29,0,0,
Yolo,Yolo,113,2020-02-29,0,0,
Alameda,Alameda,001,2020-02-28,0,0,
Berkeley,Alameda,001,2020-02-28,0,0,
Calaveras,Calaveras,009,2020-02-28,0,0,
Contra Costa,Contra Costa,013,2020-02-28,0,0,
Humboldt,Humboldt,023,2020-02-28,1,0,
Long Beach ,Los Angeles,037,2020-02-28,0,0,
Los Angeles,Los Angeles,037,2020-02-28,1,0,
Marin,Marin,041,2020-02-28,0,0,
Orange,Orange,059,2020-02-28,1,0,
Placer,Placer,061,2020-02-28,0,0,
Riverside,Riverside,065,2020-02-28,0,0,
Sacramento,Sacramento,067,2020-02-28,1,0,
San Benito,San Benito,069,2020-02-28,2,0,
San Diego,San Diego,073,2020-02-28,0,0,
San Francisco,San Francisco,075,2020-02-28,0,0,
San Mateo,San Mateo,081,2020-02-28,0,0,
Santa Clara,Santa Clara,085,2020-02-28,3,0,
Santa Cruz,Santa Cruz,087,2020-02-28,0,0,
Shasta,Shasta,089,2020-02-28,0,0,
Solano,Solano,095,2020-02-28,2,0,
Sonoma,Sonoma,097,2020-02-28,0,0,
Stanislaus,Stanislaus,099,2020-02-28,0,0,
Ventura,Ventura,111,2020-02-28,0,0,
Yolo,Yolo,113,2020-02-28,0,0,
Humboldt,Humboldt,023,2020-02-27,1,0,
Los Angeles,Los Angeles,037,2020-02-27,1,0,
Orange,Orange,059,2020-02-27,1,0,
Sacramento,Sacramento,067,2020-02-27,1,0,
San Benito,San Benito,069,2020-02-27,2,0,
Santa Clara,Santa Clara,085,2020-02-27,2,0,
Solano,Solano,095,2020-02-27,1,0,
Alameda,Alameda,001,2020-02-26,0,0,
Berkeley,Alameda,001,2020-02-26,0,0,
Calaveras,Calaveras,009,2020-02-26,0,0,
Contra Costa,Contra Costa,013,2020-02-26,0,0,
Humboldt,Humboldt,023,2020-02-26,1,0,
Long Beach ,Los Angeles,037,2020-02-26,0,0,
Los Angeles,Los Angeles,037,2020-02-26,1,0,
Marin,Marin,041,2020-02-26,0,0,
Orange,Orange,059,2020-02-26,1,0,
Placer,Placer,061,2020-02-26,0,0,
Riverside,Riverside,065,2020-02-26,0,0,
Sacramento,Sacramento,067,2020-02-26,1,0,
San Benito,San Benito,069,2020-02-26,2,0,
San Diego,San Diego,073,2020-02-26,0,0,
San Francisco,San Francisco,075,2020-02-26,0,0,
San Mateo,San Mateo,081,2020-02-26,0,0,
Santa Clara,Santa Clara,085,2020-02-26,2,0,
Santa Cruz,Santa Cruz,087,2020-02-26,0,0,
Shasta,Shasta,089,2020-02-26,0,0,
Solano,Solano,095,2020-02-26,1,0,
Sonoma,Sonoma,097,2020-02-26,0,0,
Stanislaus,Stanislaus,099,2020-02-26,0,0,
Ventura,Ventura,111,2020-02-26,0,0,
Yolo,Yolo,113,2020-02-26,0,0,
Humboldt,Humboldt,023,2020-02-25,1,0,
Los Angeles,Los Angeles,037,2020-02-25,1,0,
Orange,Orange,059,2020-02-25,1,0,
Sacramento,Sacramento,067,2020-02-25,1,0,
San Benito,San Benito,069,2020-02-25,2,0,
Santa Clara,Santa Clara,085,2020-02-25,2,0,
Humboldt,Humboldt,023,2020-02-24,1,0,
Los Angeles,Los Angeles,037,2020-02-24,1,0,
Orange,Orange,059,2020-02-24,1,0,
Sacramento,Sacramento,067,2020-02-24,1,0,
San Benito,San Benito,069,2020-02-24,2,0,
Santa Clara,Santa Clara,085,2020-02-24,2,0,
Humboldt,Humboldt,023,2020-02-23,1,0,
Los Angeles,Los Angeles,037,2020-02-23,1,0,
Orange,Orange,059,2020-02-23,1,0,
Sacramento,Sacramento,067,2020-02-23,1,0,
San Benito,San Benito,069,2020-02-23,2,0,
Santa Clara,Santa Clara,085,2020-02-23,2,0,
Humboldt,Humboldt,023,2020-02-22,1,0,
Los Angeles,Los Angeles,037,2020-02-22,1,0,
Orange,Orange,059,2020-02-22,1,0,
Sacramento,Sacramento,067,2020-02-22,1,0,
San Benito,San Benito,069,2020-02-22,2,0,
Santa Clara,Santa Clara,085,2020-02-22,2,0,
Alameda,Alameda,001,2020-02-21,0,0,
Berkeley,Alameda,001,2020-02-21,0,0,
Calaveras,Calaveras,009,2020-02-21,0,0,
Contra Costa,Contra Costa,013,2020-02-21,0,0,
Humboldt,Humboldt,023,2020-02-21,1,0,
Long Beach ,Los Angeles,037,2020-02-21,0,0,
Los Angeles,Los Angeles,037,2020-02-21,1,0,
Marin,Marin,041,2020-02-21,0,0,
Orange,Orange,059,2020-02-21,1,0,
Placer,Placer,061,2020-02-21,0,0,
Riverside,Riverside,065,2020-02-21,0,0,
Sacramento,Sacramento,067,2020-02-21,1,0,
San Benito,San Benito,069,2020-02-21,2,0,
San Diego,San Diego,073,2020-02-21,0,0,
San Francisco,San Francisco,075,2020-02-21,0,0,
San Mateo,San Mateo,081,2020-02-21,0,0,
Santa Clara,Santa Clara,085,2020-02-21,2,0,
Santa Cruz,Santa Cruz,087,2020-02-21,0,0,
Shasta,Shasta,089,2020-02-21,0,0,
Solano,Solano,095,2020-02-21,0,0,
Sonoma,Sonoma,097,2020-02-21,0,0,
Stanislaus,Stanislaus,099,2020-02-21,0,0,
Ventura,Ventura,111,2020-02-21,0,0,
Yolo,Yolo,113,2020-02-21,0,0,
Alameda,Alameda,001,2020-02-20,0,0,
Berkeley,Alameda,001,2020-02-20,0,0,
Calaveras,Calaveras,009,2020-02-20,0,0,
Contra Costa,Contra Costa,013,2020-02-20,0,0,
Humboldt,Humboldt,023,2020-02-20,1,0,
Long Beach ,Los Angeles,037,2020-02-20,0,0,
Los Angeles,Los Angeles,037,2020-02-20,1,0,
Marin,Marin,041,2020-02-20,0,0,
Orange,Orange,059,2020-02-20,1,0,
Placer,Placer,061,2020-02-20,0,0,
Riverside,Riverside,065,2020-02-20,0,0,
Sacramento,Sacramento,067,2020-02-20,0,0,
San Benito,San Benito,069,2020-02-20,2,0,
San Diego,San Diego,073,2020-02-20,0,0,
San Francisco,San Francisco,075,2020-02-20,0,0,
San Mateo,San Mateo,081,2020-02-20,0,0,
Santa Clara,Santa Clara,085,2020-02-20,2,0,
Santa Cruz,Santa Cruz,087,2020-02-20,0,0,
Shasta,Shasta,089,2020-02-20,0,0,
Solano,Solano,095,2020-02-20,0,0,
Sonoma,Sonoma,097,2020-02-20,0,0,
Stanislaus,Stanislaus,099,2020-02-20,0,0,
Ventura,Ventura,111,2020-02-20,0,0,
Yolo,Yolo,113,2020-02-20,0,0,
Los Angeles,Los Angeles,037,2020-02-19,1,0,
Orange,Orange,059,2020-02-19,1,0,
San Benito,San Benito,069,2020-02-19,2,0,
Santa Clara,Santa Clara,085,2020-02-19,2,0,
Los Angeles,Los Angeles,037,2020-02-18,1,0,
Orange,Orange,059,2020-02-18,1,0,
San Benito,San Benito,069,2020-02-18,2,0,
Santa Clara,Santa Clara,085,2020-02-18,2,0,
Los Angeles,Los Angeles,037,2020-02-17,1,0,
Orange,Orange,059,2020-02-17,1,0,
San Benito,San Benito,069,2020-02-17,2,0,
Santa Clara,Santa Clara,085,2020-02-17,2,0,
Los Angeles,Los Angeles,037,2020-02-16,1,0,
Orange,Orange,059,2020-02-16,1,0,
San Benito,San Benito,069,2020-02-16,2,0,
Santa Clara,Santa Clara,085,2020-02-16,2,0,
Los Angeles,Los Angeles,037,2020-02-15,1,0,
Orange,Orange,059,2020-02-15,1,0,
San Benito,San Benito,069,2020-02-15,2,0,
Santa Clara,Santa Clara,085,2020-02-15,2,0,
Los Angeles,Los Angeles,037,2020-02-14,1,0,
Orange,Orange,059,2020-02-14,1,0,
San Benito,San Benito,069,2020-02-14,2,0,
Santa Clara,Santa Clara,085,2020-02-14,2,0,
Los Angeles,Los Angeles,037,2020-02-13,1,0,
Orange,Orange,059,2020-02-13,1,0,
San Benito,San Benito,069,2020-02-13,2,0,
Santa Clara,Santa Clara,085,2020-02-13,2,0,
Los Angeles,Los Angeles,037,2020-02-12,1,0,
Orange,Orange,059,2020-02-12,1,0,
San Benito,San Benito,069,2020-02-12,2,0,
Santa Clara,Santa Clara,085,2020-02-12,2,0,
Los Angeles,Los Angeles,037,2020-02-11,1,0,
Orange,Orange,059,2020-02-11,1,0,
San Benito,San Benito,069,2020-02-11,2,0,
Santa Clara,Santa Clara,085,2020-02-11,2,0,
Los Angeles,Los Angeles,037,2020-02-10,1,0,
Orange,Orange,059,2020-02-10,1,0,
San Benito,San Benito,069,2020-02-10,2,0,
Santa Clara,Santa Clara,085,2020-02-10,2,0,
Los Angeles,Los Angeles,037,2020-02-09,1,0,
Orange,Orange,059,2020-02-09,1,0,
San Benito,San Benito,069,2020-02-09,2,0,
Santa Clara,Santa Clara,085,2020-02-09,2,0,
Los Angeles,Los Angeles,037,2020-02-08,1,0,
Orange,Orange,059,2020-02-08,1,0,
San Benito,San Benito,069,2020-02-08,2,0,
Santa Clara,Santa Clara,085,2020-02-08,2,0,
Los Angeles,Los Angeles,037,2020-02-07,1,0,
Orange,Orange,059,2020-02-07,1,0,
San Benito,San Benito,069,2020-02-07,2,0,
Santa Clara,Santa Clara,085,2020-02-07,2,0,
Los Angeles,Los Angeles,037,2020-02-06,1,0,
Orange,Orange,059,2020-02-06,1,0,
San Benito,San Benito,069,2020-02-06,2,0,
Santa Clara,Santa Clara,085,2020-02-06,2,0,
Los Angeles,Los Angeles,037,2020-02-05,1,0,
Orange,Orange,059,2020-02-05,1,0,
San Benito,San Benito,069,2020-02-05,2,0,
Santa Clara,Santa Clara,085,2020-02-05,2,0,
Los Angeles,Los Angeles,037,2020-02-04,1,0,
Orange,Orange,059,2020-02-04,1,0,
San Benito,San Benito,069,2020-02-04,2,0,
Santa Clara,Santa Clara,085,2020-02-04,2,0,
Los Angeles,Los Angeles,037,2020-02-03,1,0,
Orange,Orange,059,2020-02-03,1,0,
San Benito,San Benito,069,2020-02-03,2,0,
Santa Clara,Santa Clara,085,2020-02-03,2,0,
Alameda,Alameda,001,2020-02-02,0,0,
Berkeley,Alameda,001,2020-02-02,0,0,
Calaveras,Calaveras,009,2020-02-02,0,0,
Contra Costa,Contra Costa,013,2020-02-02,0,0,
Humboldt,Humboldt,023,2020-02-02,0,0,
Long Beach ,Los Angeles,037,2020-02-02,0,0,
Los Angeles,Los Angeles,037,2020-02-02,1,0,
Marin,Marin,041,2020-02-02,0,0,
Orange,Orange,059,2020-02-02,1,0,
Placer,Placer,061,2020-02-02,0,0,
Riverside,Riverside,065,2020-02-02,0,0,
Sacramento,Sacramento,067,2020-02-02,0,0,
San Benito,San Benito,069,2020-02-02,2,0,
San Diego,San Diego,073,2020-02-02,0,0,
San Francisco,San Francisco,075,2020-02-02,0,0,
San Mateo,San Mateo,081,2020-02-02,0,0,
Santa Clara,Santa Clara,085,2020-02-02,2,0,
Santa Cruz,Santa Cruz,087,2020-02-02,0,0,
Shasta,Shasta,089,2020-02-02,0,0,
Solano,Solano,095,2020-02-02,0,0,
Sonoma,Sonoma,097,2020-02-02,0,0,
Stanislaus,Stanislaus,099,2020-02-02,0,0,
Ventura,Ventura,111,2020-02-02,0,0,
Yolo,Yolo,113,2020-02-02,0,0,
Los Angeles,Los Angeles,037,2020-02-01,1,0,
Orange,Orange,059,2020-02-01,1,0,
Santa Clara,Santa Clara,085,2020-02-01,1,0,
Alameda,Alameda,001,2020-01-31,0,0,
Berkeley,Alameda,001,2020-01-31,0,0,
Calaveras,Calaveras,009,2020-01-31,0,0,
Contra Costa,Contra Costa,013,2020-01-31,0,0,
Humboldt,Humboldt,023,2020-01-31,0,0,
Long Beach ,Los Angeles,037,2020-01-31,0,0,
Los Angeles,Los Angeles,037,2020-01-31,1,0,
Marin,Marin,041,2020-01-31,0,0,
Orange,Orange,059,2020-01-31,1,0,
Placer,Placer,061,2020-01-31,0,0,
Riverside,Riverside,065,2020-01-31,0,0,
Sacramento,Sacramento,067,2020-01-31,0,0,
San Benito,San Benito,069,2020-01-31,0,0,
San Diego,San Diego,073,2020-01-31,0,0,
San Francisco,San Francisco,075,2020-01-31,0,0,
San Mateo,San Mateo,081,2020-01-31,0,0,
Santa Clara,Santa Clara,085,2020-01-31,1,0,
Santa Cruz,Santa Cruz,087,2020-01-31,0,0,
Shasta,Shasta,089,2020-01-31,0,0,
Solano,Solano,095,2020-01-31,0,0,
Sonoma,Sonoma,097,2020-01-31,0,0,
Stanislaus,Stanislaus,099,2020-01-31,0,0,
Ventura,Ventura,111,2020-01-31,0,0,
Yolo,Yolo,113,2020-01-31,0,0,
Los Angeles,Los Angeles,037,2020-01-30,1,0,
Orange,Orange,059,2020-01-30,1,0,
Los Angeles,Los Angeles,037,2020-01-29,1,0,
Orange,Orange,059,2020-01-29,1,0,
Los Angeles,Los Angeles,037,2020-01-28,1,0,
Orange,Orange,059,2020-01-28,1,0,
Los Angeles,Los Angeles,037,2020-01-27,1,0,
Orange,Orange,059,2020-01-27,1,0,
Alameda,Alameda,001,2020-01-26,0,0,
Berkeley,Alameda,001,2020-01-26,0,0,
Calaveras,Calaveras,009,2020-01-26,0,0,
Contra Costa,Contra Costa,013,2020-01-26,0,0,
Humboldt,Humboldt,023,2020-01-26,0,0,
Long Beach ,Los Angeles,037,2020-01-26,0,0,
Los Angeles,Los Angeles,037,2020-01-26,1,0,
Marin,Marin,041,2020-01-26,0,0,
Orange,Orange,059,2020-01-26,1,0,
Placer,Placer,061,2020-01-26,0,0,
Riverside,Riverside,065,2020-01-26,0,0,
Sacramento,Sacramento,067,2020-01-26,0,0,
San Benito,San Benito,069,2020-01-26,0,0,
San Diego,San Diego,073,2020-01-26,0,0,
San Francisco,San Francisco,075,2020-01-26,0,0,
San Mateo,San Mateo,081,2020-01-26,0,0,
Santa Clara,Santa Clara,085,2020-01-26,0,0,
Santa Cruz,Santa Cruz,087,2020-01-26,0,0,
Shasta,Shasta,089,2020-01-26,0,0,
Solano,Solano,095,2020-01-26,0,0,
Sonoma,Sonoma,097,2020-01-26,0,0,
Stanislaus,Stanislaus,099,2020-01-26,0,0,
Ventura,Ventura,111,2020-01-26,0,0,
Yolo,Yolo,113,2020-01-26,0,0,
